vp(m/s),vs(m/s),ro(g/cc)
4059.33,2148.06,2.54
4072.04,2152.08,2.54
4171.29,2167.94,2.54
4198.29,2174.35,2.55
4229.56,2193.71,2.55
4237.29,2203.12,2.55
4237.29,2203.12,2.55
4237.29,2203.12,2.55
4237.29,2203.12,2.55
4237.29,2203.12,2.55
4237.29,2203.12,2.55
4237.29,2203.12,2.55
4237.29,2203.12,2.55
4237.29,2203.12,2.55
4237.29,2203.12,2.55
4237.29,2203.12,2.55
4237.29,2203.12,2.55
4237.29,2203.12,2.55
4237.29,2203.12,2.55
4237.29,2203.12,2.55
4237.29,2203.12,2.55
4237.29,2203.12,2.55
4237.29,2203.12,2.55
4237.29,2203.12,2.55
4237.29,2203.12,2.55
4237.29,2203.12,2.55
4229.56,2203.12,2.55
4171.29,2174.35,2.55
4104.82,2167.94,2.54
4029.55,2152.08,2.54
4029.55,2148.06,2.54
4029.55,2137.20,2.54
4023.58,2113.93,2.53
4018.13,2107.40,2.52
4009.87,2106.90,2.51
4002.13,2076.90,2.51
3998.21,2074.91,2.50
3993.40,2065.73,2.49
3979.49,2048.59,2.49
3952.68,2042.28,2.49
3946.53,2025.12,2.49
3907.62,2018.32,2.48
3878.48,1983.08,2.48
3871.89,1955.99,2.48
3808.59,1949.87,2.48
3771.92,1905.80,2.47
3761.22,1899.97,2.47
3737.40,1898.44,2.46
3730.21,1896.80,2.46
3727.34,1893.87,2.46
3727.23,1888.41,2.45
3727.23,1888.41,2.44
3727.23,1888.41,2.44
3727.23,1888.41,2.44
3727.23,1888.41,2.44
3727.23,1888.41,2.44
3727.23,1888.41,2.44
3727.23,1888.41,2.44
3720.83,1888.41,2.43
3709.44,1885.77,2.43
3706.87,1881.73,2.43
3696.49,1875.24,2.43
3688.28,1860.21,2.42
3688.28,1860.21,2.42
3688.28,1860.21,2.42
3688.28,1860.21,2.42
3696.49,1875.24,2.42
3706.87,1881.73,2.42
3709.44,1885.77,2.42
3720.83,1888.41,2.42
3727.23,1893.87,2.42
3727.34,1896.80,2.42
3730.21,1899.97,2.42
3737.40,1905.80,2.42
3761.22,1929.88,2.42
3763.12,1955.99,2.43
3803.23,1984.35,2.43
3808.59,1988.65,2.43
3871.89,2025.12,2.43
3885.16,2025.12,2.43
3885.16,2025.12,2.43
3885.16,2025.12,2.43
3885.16,2025.12,2.43
3885.16,2096.20,2.43
3991.27,2145.61,2.43
4022.60,2150.08,2.43
4062.74,2150.08,2.44
4099.99,2150.08,2.45
4107.06,2150.08,2.47
4121.97,2150.08,2.47
4149.78,2150.08,2.48
4205.74,2150.08,2.49
4216.65,2150.08,2.49
4218.08,2150.08,2.50
4262.40,2150.08,2.51
4278.70,2150.08,2.51
4440.24,2150.08,2.51
4458.16,2150.08,2.52
4469.91,2150.08,2.53
4474.89,2150.08,2.53
4478.22,2150.08,2.53
4519.18,2150.08,2.54
4548.74,2150.08,2.54
4640.58,2145.61,2.54
4652.74,2118.99,2.54
4652.74,2118.99,2.54
4652.74,2118.99,2.55
4674.83,2118.90,2.55
4694.98,2118.90,2.55
4704.65,2118.99,2.55
4739.22,2125.33,2.55
4750.20,2140.05,2.56
4766.70,2145.09,2.56
4813.69,2145.61,2.56
4828.87,2150.08,2.56
4830.98,2162.82,2.56
4871.10,2162.82,2.56
4889.10,2162.82,2.56
4893.15,2162.82,2.56
4905.12,2162.82,2.56
4988.09,2162.82,2.56
5019.14,2187.67,2.56
5019.14,2203.47,2.56
5019.14,2243.76,2.56
5019.14,2249.66,2.56
5019.14,2243.76,2.56
5019.14,2203.47,2.56
5019.14,2187.06,2.56
5019.14,2145.09,2.56
5019.14,2145.09,2.56
5019.14,2145.09,2.56
5019.14,2145.09,2.56
5019.14,2145.09,2.56
5019.14,2145.09,2.56
5019.14,2145.09,2.56
5019.14,2145.09,2.56
5019.14,2145.09,2.56
5019.14,2187.06,2.56
5019.14,2189.09,2.56
5019.14,2243.76,2.56
5023.16,2255.90,2.57
5028.19,2262.94,2.57
5046.51,2266.76,2.57
5046.51,2273.98,2.58
5046.51,2278.83,2.59
5046.51,2284.31,2.59
5046.51,2303.81,2.59
5042.93,2305.83,2.59
5028.19,2312.62,2.59
5023.16,2318.25,2.59
5019.14,2322.13,2.59
5014.57,2329.70,2.57
5008.88,2335.09,2.57
5004.96,2335.09,2.57
5000.84,2335.09,2.57
4999.21,2335.09,2.57
4987.27,2335.09,2.59
4984.49,2335.09,2.59
4983.40,2335.09,2.59
4968.06,2335.09,2.59
4948.41,2335.09,2.59
4927.21,2335.09,2.59
4914.15,2335.09,2.59
4897.88,2335.09,2.59
4890.22,2335.09,2.59
4841.95,2335.09,2.59
4820.97,2329.70,2.59
4820.28,2322.13,2.59
4814.06,2312.62,2.59
4778.20,2305.83,2.59
4767.47,2303.81,2.59
4702.92,2286.99,2.59
4652.80,2284.31,2.59
4593.05,2266.76,2.59
4553.78,2224.82,2.59
4514.95,2195.97,2.59
4448.78,2195.97,2.58
4448.78,2195.97,2.57
4448.78,2195.97,2.57
4446.92,2195.97,2.57
4444.22,2195.97,2.57
4433.91,2167.28,2.57
4400.53,2126.44,2.57
4362.09,2039.03,2.57
4202.69,2023.08,2.57
4016.35,2021.93,2.57
4012.78,2021.93,2.57
4012.78,2021.93,2.57
4012.78,2021.93,2.57
4012.78,2021.93,2.57
4012.78,2021.93,2.57
4012.78,2021.93,2.56
3990.85,2021.93,2.56
3973.79,2006.58,2.56
3943.72,2006.44,2.56
3904.02,1992.47,2.55
3904.02,1992.47,2.55
3904.02,1992.47,2.55
3904.02,1992.47,2.55
3904.02,1992.47,2.55
3904.02,1992.47,2.55
3904.02,1992.47,2.55
3904.02,1992.47,2.55
3904.02,1992.47,2.56
3904.02,1992.47,2.56
3904.02,1992.47,2.56
3904.02,1992.47,2.56
3904.02,1992.47,2.56
3904.02,1992.47,2.56
3904.02,1992.47,2.55
3904.02,2006.44,2.55
3925.06,2006.58,2.55
3943.72,2016.67,2.55
3973.79,2021.93,2.56
3990.85,2023.08,2.56
4012.78,2046.56,2.56
4016.35,2084.49,2.56
4067.98,2100.75,2.57
4085.60,2119.92,2.57
4091.93,2121.97,2.57
4132.70,2140.83,2.57
4143.84,2149.07,2.57
4164.78,2155.42,2.57
4167.69,2160.55,2.57
4183.72,2160.55,2.57
4183.72,2160.55,2.57
4183.72,2160.55,2.57
4183.72,2160.55,2.57
4183.72,2160.55,2.57
4183.72,2160.55,2.57
4183.72,2160.55,2.57
4183.72,2160.55,2.57
4183.72,2160.55,2.57
4183.72,2160.55,2.57
4183.72,2160.55,2.57
4183.72,2160.55,2.57
4183.72,2160.55,2.57
4183.72,2160.55,2.56
4183.72,2160.55,2.56
4183.72,2153.64,2.56
4164.78,2149.07,2.55
4143.84,2140.83,2.55
4143.84,2121.97,2.54
4143.84,2121.97,2.54
4143.84,2121.97,2.54
4143.84,2121.97,2.54
4143.84,2121.97,2.54
4143.84,2121.97,2.54
4091.93,2119.92,2.54
4085.60,2100.75,2.54
3926.77,2013.68,2.54
3763.55,1906.16,2.53
3732.99,1903.63,2.47
3729.48,1899.94,2.47
3719.12,1897.26,2.47
3719.12,1897.26,2.47
3719.12,1897.26,2.46
3719.12,1897.26,2.46
3719.12,1897.26,2.45
3719.12,1897.26,2.45
3719.12,1897.26,2.45
3716.81,1897.26,2.45
3714.91,1897.26,2.45
3712.40,1897.26,2.45
3709.56,1895.06,2.45
3689.79,1894.27,2.45
3683.53,1888.31,2.45
3677.52,1877.17,2.45
3673.66,1867.10,2.45
3668.50,1860.50,2.44
3666.92,1854.50,2.44
3663.07,1851.30,2.44
3657.45,1846.97,2.44
3656.82,1845.50,2.44
3649.54,1842.02,2.43
3649.25,1839.98,2.43
3637.19,1838.68,2.43
3634.82,1837.71,2.43
3625.82,1836.72,2.43
3625.75,1826.86,2.42
3617.25,1822.15,2.42
3617.25,1822.15,2.42
3617.25,1822.15,2.42
3625.75,1826.86,2.42
3625.82,1836.72,2.42
3634.82,1837.71,2.42
3637.19,1838.68,2.42
3637.19,1845.50,2.42
3637.19,1851.30,2.42
3649.25,1861.71,2.42
3650.22,1864.69,2.42
3652.36,1864.92,2.43
3656.82,1866.19,2.43
3657.45,1866.19,2.43
3657.45,1866.19,2.43
3652.36,1866.19,2.43
3652.36,1866.19,2.43
3652.36,1866.19,2.43
3652.36,1866.19,2.43
3650.22,1864.92,2.43
3637.19,1864.69,2.42
3636.71,1861.71,2.42
3628.37,1857.98,2.42
3628.37,1857.98,2.43
3628.37,1857.98,2.43
3628.37,1857.98,2.43
3628.37,1857.98,2.43
3628.37,1857.98,2.43
3628.37,1857.98,2.43
3628.37,1857.98,2.43
3628.37,1857.98,2.43
3628.37,1857.98,2.43
3628.37,1857.98,2.43
3628.37,1857.98,2.43
3628.37,1857.98,2.43
3636.71,1857.98,2.43
3636.71,1861.71,2.43
3636.71,1861.71,2.43
3636.71,1861.71,2.43
3636.71,1861.71,2.43
3636.71,1861.71,2.43
3636.71,1861.71,2.43
3636.71,1861.71,2.43
3636.71,1861.71,2.43
3636.71,1861.71,2.43
3636.71,1861.71,2.43
3636.71,1861.71,2.43
3636.71,1861.71,2.43
3636.71,1861.71,2.43
3636.71,1861.71,2.43
3636.71,1861.71,2.43
3636.71,1861.71,2.43
3628.37,1857.98,2.43
3622.24,1846.94,2.43
3602.03,1839.20,2.43
3589.44,1834.77,2.43
3589.44,1831.13,2.43
3587.92,1827.02,2.44
3585.17,1824.65,2.44
3562.15,1824.01,2.43
3547.10,1815.06,2.43
3546.63,1809.66,2.43
3546.05,1807.66,2.42
3539.04,1799.20,2.42
3532.36,1796.63,2.42
3525.11,1791.52,2.42
3523.25,1788.76,2.42
3517.38,1788.67,2.42
3502.86,1779.23,2.42
3502.86,1774.15,2.42
3517.38,1774.15,2.42
3524.50,1779.23,2.42
3525.11,1788.67,2.42
3525.11,1788.76,2.42
3525.11,1788.76,2.42
3525.11,1788.76,2.42
3525.11,1788.76,2.42
3525.11,1788.76,2.42
3525.11,1788.76,2.42
3524.50,1788.76,2.42
3517.38,1788.67,2.42
3472.23,1779.23,2.41
3464.49,1767.79,2.41
3455.81,1759.08,2.41
3450.45,1754.82,2.40
3444.92,1754.71,2.40
3434.49,1750.67,2.40
3428.52,1750.67,2.40
3428.52,1750.67,2.40
3428.52,1750.67,2.40
3428.52,1750.67,2.41
3428.52,1750.67,2.41
3428.52,1750.67,2.41
3428.52,1750.67,2.41
3428.52,1750.67,2.41
3428.52,1750.67,2.41
3428.52,1754.71,2.41
3434.49,1785.44,2.42
3472.23,1788.76,2.42
3517.38,1796.63,2.42
3524.50,1809.17,2.43
3545.11,1815.06,2.43
3546.63,1821.28,2.44
3587.92,1824.01,2.45
3591.28,1827.02,2.45
3628.33,1831.13,2.45
3654.03,1849.21,2.47
3673.77,1894.99,2.47
3705.00,1937.76,2.47
3785.78,1957.23,2.48
3792.26,1972.03,2.49
3855.83,1990.75,2.50
3875.15,1993.87,2.50
3910.79,2013.99,2.50
3924.42,2122.46,2.51
4185.97,2211.41,2.52
4189.23,2226.72,2.52
4217.06,2235.27,2.52
4256.10,2243.73,2.53
4257.91,2262.85,2.56
4288.05,2292.29,2.56
4307.48,2308.81,2.56
4336.35,2315.32,2.56
4356.84,2317.75,2.56
4372.62,2331.19,2.57
4394.18,2333.99,2.57
4476.66,2335.68,2.57
4504.52,2338.03,2.58
4602.91,2361.40,2.58
4630.85,2382.41,2.58
4697.14,2382.41,2.59
4797.38,2385.95,2.59
4870.64,2394.00,2.59
4883.85,2394.00,2.59
4921.99,2394.00,2.60
4921.99,2394.00,2.60
4921.99,2394.00,2.60
4921.99,2394.00,2.60
4921.99,2394.00,2.60
4921.99,2394.00,2.60
4921.99,2394.00,2.60
4921.99,2394.00,2.60
4921.99,2391.20,2.60
4921.99,2390.23,2.60
4926.82,2389.89,2.60
4926.82,2385.95,2.60
4926.82,2382.41,2.60
4926.82,2382.41,2.60
4926.82,2382.41,2.60
4925.12,2382.41,2.60
4923.68,2382.41,2.60
4923.68,2382.41,2.60
4921.99,2382.41,2.60
4921.99,2382.41,2.60
4921.99,2385.95,2.60
4921.99,2389.89,2.60
4921.99,2390.23,2.60
4921.99,2391.20,2.60
4921.99,2391.20,2.60
4921.99,2394.00,2.60
4921.99,2397.32,2.60
4921.99,2404.36,2.60
4921.99,2415.17,2.60
4921.99,2420.72,2.60
4921.99,2420.91,2.60
4921.99,2422.30,2.60
4921.99,2431.68,2.60
4921.99,2434.55,2.60
4911.59,2434.55,2.60
4906.27,2434.55,2.59
4897.70,2422.30,2.59
4892.28,2420.91,2.59
4883.81,2420.72,2.59
4874.94,2415.17,2.59
4872.91,2404.75,2.59
4853.41,2404.36,2.59
4837.56,2397.32,2.59
4833.51,2394.00,2.59
4829.97,2391.20,2.59
4826.17,2390.23,2.59
4825.12,2390.23,2.59
4716.62,2390.23,2.59
4593.11,2390.23,2.57
4589.84,2389.89,2.56
4568.13,2387.74,2.56
4551.62,2387.74,2.55
4500.26,2387.74,2.55
4484.07,2387.74,2.54
4453.16,2364.10,2.54
4435.62,2333.98,2.54
4395.15,2328.99,2.53
4377.98,2328.99,2.53
4356.71,2328.99,2.53
4324.58,2328.99,2.53
4319.81,2328.99,2.52
4284.90,2328.99,2.52
4282.85,2333.98,2.52
4273.93,2335.62,2.52
4270.93,2335.62,2.52
4270.93,2335.62,2.52
4270.93,2334.59,2.52
4270.93,2328.99,2.52
4270.93,2326.97,2.52
4270.93,2325.07,2.52
4270.93,2321.83,2.52
4267.42,2320.56,2.52
4260.34,2319.81,2.51
4253.13,2316.27,2.51
4246.49,2313.47,2.51
4246.49,2313.07,2.51
4246.49,2313.07,2.51
4246.49,2313.07,2.51
4249.81,2313.07,2.51
4249.81,2313.07,2.51
4246.19,2313.07,2.51
4242.38,2313.07,2.51
4242.38,2313.07,2.51
4242.38,2313.07,2.51
4242.38,2313.07,2.51
4240.37,2313.07,2.51
4238.72,2313.07,2.51
4237.38,2313.07,2.51
4236.54,2313.07,2.51
4236.35,2313.47,2.51
4236.32,2313.57,2.51
4235.91,2315.92,2.51
4235.91,2316.27,2.51
4235.91,2316.73,2.51
4235.91,2319.35,2.51
4235.91,2319.81,2.51
4235.91,2320.51,2.51
4235.91,2320.56,2.51
4232.84,2321.43,2.51
4232.72,2321.68,2.50
4231.56,2321.68,2.50
4229.00,2321.68,2.50
4229.00,2321.68,2.50
4229.00,2321.68,2.50
4229.00,2321.68,2.50
4229.00,2321.68,2.50
4229.00,2321.68,2.50
4229.00,2321.68,2.50
4231.56,2321.77,2.50
4232.72,2321.83,2.50
4235.91,2323.66,2.50
4235.91,2325.07,2.50
4235.91,2325.07,2.50
4235.91,2325.07,2.50
4231.56,2325.07,2.50
4228.52,2325.07,2.50
4228.49,2325.07,2.49
4228.49,2325.07,2.49
4228.49,2326.11,2.49
4228.49,2331.79,2.49
4228.49,2332.55,2.49
4227.62,2332.55,2.49
4226.25,2332.55,2.50
4224.95,2332.55,2.50
4221.89,2332.55,2.50
4219.40,2332.55,2.50
4217.16,2332.55,2.50
4213.33,2332.55,2.50
4213.14,2332.55,2.50
4213.14,2332.55,2.50
4213.14,2332.55,2.50
4213.14,2332.55,2.50
4213.14,2332.96,2.50
4213.14,2332.96,2.50
4213.14,2332.96,2.50
4213.14,2332.96,2.50
4213.14,2332.96,2.50
4213.14,2332.96,2.50
4213.33,2333.17,2.50
4217.16,2333.17,2.51
4217.16,2333.17,2.51
4217.16,2333.17,2.51
4217.16,2333.17,2.51
4205.57,2331.79,2.50
4205.57,2321.77,2.50
4205.57,2319.31,2.51
4205.57,2319.31,2.52
4205.57,2319.31,2.53
4205.57,2319.31,2.54
4219.40,2309.24,2.54
4219.40,2290.02,2.54
4219.40,2285.00,2.54
4219.40,2283.77,2.55
4219.40,2285.00,2.55
4224.68,2296.19,2.56
4235.95,2319.31,2.56
4244.71,2356.75,2.56
4250.22,2362.18,2.56
4254.25,2384.12,2.56
4254.25,2398.39,2.56
4254.25,2398.39,2.56
4254.25,2398.39,2.56
4254.25,2398.39,2.56
4282.51,2398.39,2.56
4291.42,2398.39,2.56
4291.42,2392.91,2.57
4291.42,2362.18,2.57
4291.42,2356.75,2.57
4291.42,2296.19,2.57
4282.51,2283.77,2.58
4254.25,2283.52,2.58
4254.25,2283.52,2.58
4318.21,2283.52,2.58
4389.12,2296.19,2.59
4399.51,2356.75,2.59
4449.74,2362.18,2.59
4463.45,2392.91,2.59
4479.45,2393.82,2.59
4489.91,2398.39,2.59
4520.27,2409.96,2.59
4521.78,2455.73,2.59
4524.94,2458.97,2.59
4529.87,2481.56,2.59
4524.94,2481.56,2.59
4521.78,2481.56,2.59
4520.27,2481.56,2.59
4479.45,2455.73,2.59
4463.45,2398.39,2.59
4449.74,2393.82,2.59
4399.51,2392.91,2.59
4318.21,2392.91,2.59
4318.21,2392.91,2.59
4318.21,2392.91,2.59
4318.21,2392.91,2.59
4318.21,2392.91,2.59
4318.21,2392.91,2.59
4318.21,2393.82,2.59
4318.21,2393.82,2.58
4318.21,2393.82,2.58
4318.21,2398.39,2.58
4409.58,2398.39,2.58
4409.58,2398.39,2.58
4409.58,2398.39,2.57
4409.58,2398.39,2.57
4409.58,2398.39,2.57
4409.58,2393.82,2.57
4255.68,2392.91,2.57
4252.82,2382.77,2.57
4182.98,2363.12,2.57
4182.74,2268.60,2.57
4182.74,2268.60,2.57
4182.74,2268.60,2.57
4182.74,2268.60,2.57
4182.74,2268.60,2.57
4181.95,2261.07,2.57
4159.55,2216.50,2.57
4087.92,2214.85,2.57
4087.92,2198.74,2.57
4127.29,2198.74,2.56
4159.55,2198.74,2.56
4181.95,2203.18,2.56
4182.98,2203.18,2.55
4181.95,2190.58,2.55
4159.55,2185.05,2.54
4127.29,2181.24,2.54
4090.82,2178.92,2.54
4087.92,2171.42,2.53
4053.65,2165.05,2.53
4032.27,2149.18,2.53
3999.81,2144.44,2.52
3969.66,2144.20,2.52
3969.66,2144.20,2.52
3969.66,2144.20,2.52
3969.66,2144.20,2.52
3969.66,2144.20,2.52
3999.81,2144.44,2.52
4032.27,2149.18,2.53
4053.65,2165.05,2.53
4087.92,2171.42,2.53
4090.82,2178.92,2.53
4127.29,2181.24,2.53
4127.29,2185.05,2.53
4127.29,2190.58,2.53
4131.84,2203.18,2.53
4145.84,2214.85,2.54
4159.55,2216.50,2.54
4159.55,2220.04,2.54
4159.55,2220.04,2.54
4159.55,2220.04,2.54
4159.55,2220.04,2.54
4159.55,2220.04,2.54
4159.55,2220.04,2.54
4181.95,2220.04,2.54
4181.95,2220.04,2.54
4181.95,2220.04,2.53
4181.95,2220.04,2.53
4181.95,2220.04,2.53
4181.95,2220.04,2.53
4181.95,2220.04,2.53
4181.95,2220.04,2.53
4145.84,2220.04,2.53
4145.84,2220.04,2.53
4145.84,2220.04,2.53
4145.84,2220.04,2.53
4145.84,2220.04,2.53
4204.08,2226.68,2.53
4230.23,2249.06,2.53
4230.23,2249.06,2.53
4230.23,2249.06,2.53
4230.23,2249.06,2.53
4230.23,2263.24,2.54
4230.23,2266.73,2.54
4245.50,2266.88,2.54
4245.50,2266.88,2.55
4245.50,2266.88,2.55
4245.50,2266.88,2.55
4245.50,2266.88,2.55
4245.50,2266.88,2.55
4245.50,2266.88,2.55
4245.50,2303.75,2.55
4245.50,2303.75,2.55
4245.50,2303.75,2.55
4245.50,2303.75,2.55
4244.47,2290.22,2.55
4239.38,2266.88,2.55
4230.23,2266.73,2.55
4223.28,2263.24,2.55
4223.28,2259.68,2.55
4223.28,2259.68,2.55
4223.28,2259.68,2.54
4223.28,2259.68,2.54
4223.28,2259.68,2.55
4239.38,2263.24,2.55
4244.47,2263.24,2.55
4245.50,2290.22,2.55
4245.50,2290.22,2.55
4245.50,2290.22,2.55
4245.50,2290.22,2.55
4245.50,2290.22,2.55
4245.50,2290.22,2.55
4245.50,2290.22,2.55
4245.50,2290.22,2.55
4245.50,2290.22,2.55
4245.50,2290.22,2.55
4281.75,2303.75,2.55
4283.92,2303.76,2.55
4285.70,2317.40,2.56
4326.36,2327.52,2.56
4326.36,2348.70,2.56
4326.36,2366.58,2.56
4331.79,2372.98,2.56
4333.15,2389.80,2.56
4334.87,2390.69,2.57
4334.87,2395.78,2.57
4334.87,2395.78,2.57
4334.87,2395.78,2.57
4334.87,2401.32,2.57
4349.97,2402.25,2.57
4387.31,2403.69,2.57
4388.07,2409.21,2.58
4425.71,2430.76,2.58
4435.53,2436.14,2.59
4435.53,2443.45,2.59
4435.53,2443.45,2.59
4435.53,2443.45,2.59
4435.53,2443.45,2.59
4435.53,2443.45,2.59
4435.53,2443.45,2.59
4435.53,2443.45,2.59
4435.53,2443.45,2.59
4435.53,2443.45,2.59
4435.53,2443.45,2.59
4435.53,2443.45,2.59
4435.53,2443.45,2.59
4435.53,2443.45,2.59
4472.82,2443.45,2.59
4487.61,2476.08,2.59
4494.85,2478.01,2.60
4543.90,2478.50,2.60
4558.34,2492.68,2.60
4561.14,2511.18,2.60
4561.14,2518.20,2.60
4561.14,2518.20,2.59
4558.34,2518.20,2.59
4515.53,2511.18,2.59
4494.85,2492.68,2.59
4494.85,2492.68,2.59
4494.85,2492.68,2.59
4494.85,2492.68,2.59
4494.85,2492.68,2.59
4487.61,2476.08,2.59
4472.82,2443.45,2.59
4400.23,2440.42,2.59
4388.07,2436.14,2.59
4388.07,2427.21,2.59
4388.07,2427.21,2.58
4388.07,2427.21,2.58
4388.07,2427.21,2.58
4400.23,2427.21,2.58
4421.03,2427.21,2.58
4421.03,2427.21,2.58
4421.03,2427.21,2.58
4400.23,2415.05,2.58
4400.23,2415.05,2.58
4400.23,2415.05,2.58
4400.23,2415.05,2.58
4400.23,2415.05,2.58
4400.23,2414.21,2.58
4337.59,2403.63,2.58
4295.69,2366.17,2.58
4294.73,2355.28,2.58
4282.83,2353.85,2.58
4276.55,2343.00,2.58
4266.25,2319.25,2.58
4266.25,2310.01,2.58
4266.25,2310.01,2.58
4266.25,2310.01,2.58
4266.25,2310.01,2.58
4266.25,2310.01,2.58
4266.25,2310.01,2.58
4266.25,2310.01,2.58
4276.55,2319.25,2.58
4282.83,2343.00,2.58
4294.73,2353.85,2.58
4295.69,2355.28,2.58
4400.23,2366.17,2.58
4400.23,2366.17,2.58
4400.23,2366.17,2.58
4400.23,2366.17,2.58
4400.23,2366.17,2.58
4307.98,2355.28,2.58
4295.69,2353.85,2.57
4282.83,2343.00,2.57
4276.55,2319.25,2.57
4266.25,2310.01,2.56
4258.94,2303.18,2.56
4241.73,2299.66,2.56
4241.73,2299.66,2.56
4241.73,2299.66,2.56
4241.73,2299.66,2.55
4241.73,2299.66,2.55
4241.73,2299.66,2.55
4251.50,2303.18,2.55
4258.94,2310.01,2.55
4266.25,2310.01,2.55
4266.25,2310.01,2.56
4266.25,2310.01,2.56
4266.25,2310.01,2.56
4266.25,2310.01,2.56
4266.25,2310.01,2.56
4266.25,2310.01,2.56
4266.25,2353.85,2.56
4282.83,2355.28,2.57
4307.98,2414.21,2.57
4307.98,2414.21,2.57
4307.98,2414.21,2.57
4307.98,2414.21,2.57
4307.98,2414.21,2.57
4307.98,2447.33,2.57
4327.63,2463.82,2.57
4327.63,2463.82,2.57
4327.63,2463.82,2.57
4327.63,2463.82,2.57
4327.63,2463.82,2.57
4327.63,2463.82,2.57
4327.63,2463.82,2.57
4536.90,2473.87,2.57
4568.91,2542.07,2.58
4599.12,2575.16,2.58
4616.10,2627.76,2.58
4782.31,2632.35,2.58
4797.48,2665.61,2.59
4797.48,2665.61,2.59
4782.31,2665.61,2.60
4612.66,2632.35,2.61
4599.12,2575.16,2.61
4568.91,2546.62,2.61
4536.90,2542.07,2.61
4411.87,2473.87,2.61
4327.63,2463.82,2.59
4307.98,2381.69,2.58
4274.52,2381.69,2.58
4327.63,2381.69,2.58
4331.13,2381.69,2.58
4356.68,2381.69,2.58
4361.61,2381.69,2.58
4370.39,2381.69,2.58
4408.00,2381.69,2.58
4411.87,2398.99,2.58
4474.87,2449.82,2.59
4536.90,2463.82,2.60
4575.32,2473.87,2.61
4599.12,2509.58,2.61
4612.66,2542.07,2.62
4612.66,2542.07,2.62
4612.66,2542.07,2.61
4612.66,2542.07,2.61
4612.66,2542.07,2.61
4599.12,2509.58,2.61
4575.32,2500.33,2.61
4536.90,2463.82,2.60
4474.87,2449.82,2.59
4411.87,2398.99,2.59
4408.00,2381.69,2.58
4370.39,2333.95,2.58
4361.61,2293.54,2.57
4356.68,2276.18,2.55
4331.13,2273.18,2.55
4327.63,2261.71,2.55
4274.52,2261.71,2.55
4268.97,2261.71,2.54
4274.52,2273.18,2.54
4331.13,2276.18,2.54
4356.68,2282.28,2.54
4359.09,2293.54,2.54
4361.61,2333.95,2.54
4370.39,2342.19,2.54
4370.39,2342.19,2.54
4370.39,2342.19,2.54
4370.39,2342.19,2.54
4370.39,2342.19,2.54
4370.39,2342.19,2.54
4370.39,2342.19,2.54
4370.39,2342.19,2.54
4370.39,2342.19,2.54
4408.00,2377.85,2.54
4474.87,2398.99,2.54
4477.52,2401.19,2.54
4501.59,2412.57,2.54
4523.86,2442.40,2.54
4526.97,2449.82,2.54
4552.32,2483.75,2.54
4575.32,2500.33,2.54
4575.32,2509.58,2.54
4575.32,2548.51,2.54
4575.32,2577.30,2.54
4575.32,2577.30,2.54
4575.32,2598.55,2.54
4584.28,2599.42,2.54
4594.98,2621.03,2.54
4594.98,2653.53,2.53
4594.98,2669.39,2.52
4594.98,2674.71,2.52
4594.98,2674.71,2.52
4594.98,2674.71,2.52
4594.98,2674.71,2.52
4594.98,2674.71,2.52
4594.98,2674.71,2.52
4594.98,2692.05,2.52
4608.65,2699.43,2.52
4620.06,2702.67,2.53
4624.81,2726.16,2.53
4635.32,2727.12,2.54
4655.39,2745.73,2.54
4720.48,2771.87,2.54
4724.22,2781.35,2.54
4741.60,2787.54,2.54
4835.05,2806.64,2.54
4840.63,2811.56,2.55
4889.09,2818.00,2.55
4889.09,2833.16,2.56
4889.09,2838.23,2.56
4889.09,2838.23,2.56
4889.09,2838.23,2.56
4889.09,2838.23,2.56
4889.09,2838.23,2.56
4889.09,2838.23,2.56
4889.09,2838.23,2.56
4880.04,2838.23,2.56
4874.52,2838.23,2.55
4865.93,2838.23,2.55
4846.00,2838.23,2.55
4835.05,2838.23,2.55
4833.40,2842.25,2.55
4817.77,2842.25,2.55
4817.77,2842.25,2.55
4817.77,2842.25,2.55
4817.77,2842.25,2.54
4817.77,2842.25,2.54
4817.77,2843.31,2.54
4833.40,2843.94,2.54
4835.05,2848.15,2.55
4846.00,2850.45,2.55
4859.68,2850.45,2.55
4865.93,2852.39,2.55
4874.52,2855.35,2.55
4874.52,2856.14,2.55
4874.52,2859.38,2.55
4874.52,2864.44,2.55
4874.52,2866.10,2.56
4874.52,2866.10,2.56
4874.52,2864.44,2.56
4868.23,2859.38,2.56
4865.93,2856.14,2.56
4862.71,2855.35,2.56
4859.68,2852.39,2.56
4853.72,2850.99,2.56
4846.00,2850.45,2.56
4833.40,2848.15,2.56
4823.34,2848.01,2.56
4817.77,2843.94,2.56
4809.00,2838.23,2.56
4804.51,2827.68,2.56
4799.29,2826.47,2.56
4793.50,2820.55,2.56
4793.50,2814.94,2.56
4793.50,2814.94,2.56
4793.50,2814.94,2.56
4793.50,2814.94,2.56
4793.50,2814.44,2.56
4792.05,2811.78,2.56
4785.12,2810.43,2.56
4783.90,2807.84,2.56
4783.90,2802.35,2.56
4783.90,2801.86,2.56
4783.90,2801.86,2.56
4783.90,2801.86,2.57
4783.90,2801.86,2.57
4783.90,2802.35,2.57
4783.90,2803.83,2.57
4785.12,2809.37,2.57
4792.05,2809.37,2.57
4809.00,2803.83,2.57
4823.34,2802.35,2.57
4828.95,2797.58,2.57
4851.28,2796.98,2.59
4853.72,2796.98,2.59
4858.58,2796.98,2.59
4859.68,2796.98,2.59
4862.71,2795.73,2.59
4868.23,2792.69,2.59
4875.70,2790.12,2.59
4875.70,2789.88,2.59
4875.70,2786.52,2.59
4875.70,2779.73,2.59
4875.70,2778.46,2.59
4876.40,2773.07,2.59
4887.41,2770.03,2.59
4887.41,2761.29,2.59
4887.41,2759.82,2.59
4887.41,2755.41,2.59
4887.41,2753.50,2.59
4887.41,2743.19,2.59
4887.41,2733.77,2.59
4887.41,2730.01,2.59
4887.41,2729.07,2.59
4887.41,2727.51,2.60
4887.41,2723.72,2.60
4887.41,2723.72,2.60
4887.93,2723.72,2.60
4890.80,2726.21,2.60
4892.21,2727.51,2.60
4892.85,2729.07,2.60
4892.85,2730.01,2.60
4892.85,2733.77,2.60
4892.85,2743.19,2.60
4892.95,2743.19,2.60
4892.95,2743.19,2.60
4892.95,2743.19,2.59
4892.95,2743.19,2.59
4895.12,2749.76,2.59
4898.58,2749.76,2.59
4900.95,2750.11,2.59
4905.76,2750.15,2.59
4906.89,2751.71,2.59
4906.89,2751.71,2.59
4906.89,2750.15,2.59
4906.89,2750.15,2.59
4906.89,2750.15,2.59
4906.89,2750.15,2.59
4905.76,2750.15,2.59
4905.76,2750.11,2.59
4905.76,2749.77,2.59
4900.95,2749.76,2.59
4898.58,2743.80,2.59
4895.12,2733.77,2.59
4892.95,2730.01,2.59
4892.85,2727.51,2.59
4892.21,2726.21,2.59
4887.93,2723.72,2.59
4887.82,2723.72,2.59
4887.41,2723.72,2.59
4881.52,2723.72,2.59
4880.63,2723.72,2.59
4878.28,2723.72,2.59
4876.17,2723.72,2.59
4873.15,2723.72,2.59
4858.59,2723.72,2.59
4854.50,2723.72,2.59
4854.50,2726.21,2.59
4854.50,2727.51,2.59
4854.50,2730.01,2.59
4854.50,2743.80,2.59
4880.63,2749.76,2.59
4881.52,2749.77,2.59
4887.82,2750.11,2.59
4887.82,2750.11,2.59
4887.82,2750.11,2.59
4887.82,2750.11,2.59
4887.82,2750.11,2.59
4881.52,2749.77,2.59
4880.63,2749.76,2.59
4841.94,2743.80,2.59
4830.55,2717.12,2.59
4817.63,2642.17,2.59
4813.36,2626.59,2.60
4808.54,2611.92,2.60
4794.82,2599.14,2.60
4724.43,2584.08,2.60
4675.13,2573.71,2.60
4675.13,2573.71,2.60
4675.13,2573.71,2.60
4675.13,2573.71,2.60
4675.13,2573.71,2.60
4675.13,2573.71,2.60
4675.13,2573.71,2.60
4675.13,2573.71,2.60
4669.88,2573.71,2.60
4663.03,2558.90,2.59
4663.03,2543.62,2.59
4659.87,2526.64,2.59
4650.54,2517.52,2.59
4650.54,2507.96,2.59
4650.54,2495.04,2.59
4650.54,2495.04,2.59
4659.87,2495.04,2.59
4659.87,2495.04,2.59
4650.54,2494.18,2.59
4601.13,2487.13,2.57
4574.47,2463.76,2.57
4574.47,2463.76,2.56
4574.47,2494.18,2.56
4601.13,2495.04,2.56
4650.54,2517.52,2.56
4659.87,2518.65,2.57
4663.03,2543.62,2.57
4663.03,2543.62,2.57
4663.03,2543.62,2.57
4659.87,2538.81,2.56
4650.54,2518.65,2.56
4601.13,2517.52,2.55
4574.47,2495.04,2.55
4559.24,2494.18,2.55
4515.51,2494.18,2.55
4515.51,2494.18,2.55
4515.51,2494.18,2.55
4512.06,2494.18,2.55
4501.27,2494.18,2.55
4501.27,2494.18,2.55
4501.27,2494.18,2.55
4501.27,2494.18,2.54
4478.03,2494.18,2.54
4438.95,2463.76,2.54
4402.41,2458.39,2.53
4402.41,2458.39,2.52
4402.41,2458.39,2.52
4402.41,2458.39,2.52
4438.95,2460.12,2.52
4478.03,2463.76,2.52
4512.06,2494.18,2.52
4512.06,2495.04,2.52
4512.06,2495.04,2.52
4512.06,2495.04,2.52
4512.06,2495.04,2.52
4512.06,2495.04,2.52
4512.06,2495.04,2.52
4512.06,2495.04,2.52
4512.06,2495.04,2.52
4512.06,2495.04,2.53
4515.51,2508.24,2.54
4574.47,2518.65,2.54
4626.65,2523.51,2.55
4643.57,2538.81,2.56
4665.00,2602.23,2.59
4720.45,2661.80,2.59
4803.73,2662.57,2.59
4803.73,2665.83,2.59
4803.73,2668.72,2.59
4803.73,2668.72,2.59
4803.73,2668.72,2.59
4803.73,2668.72,2.59
4803.73,2668.72,2.59
4803.73,2668.72,2.59
4803.73,2668.72,2.59
4721.02,2665.83,2.57
4665.00,2661.80,2.56
4655.61,2655.19,2.54
4655.61,2655.19,2.54
4655.61,2655.19,2.54
4655.61,2655.19,2.54
4655.61,2655.19,2.54
4655.61,2661.80,2.55
4655.61,2665.83,2.55
4655.61,2668.72,2.55
4655.61,2668.72,2.55
4655.61,2668.72,2.54
4655.61,2665.83,2.54
4655.61,2665.83,2.54
4655.61,2665.83,2.54
4655.61,2665.83,2.54
4655.61,2665.83,2.53
4655.61,2665.83,2.53
4655.61,2665.83,2.53
4655.61,2665.83,2.53
4655.61,2665.83,2.53
4615.80,2665.83,2.53
4606.04,2665.83,2.52
4597.19,2665.83,2.51
4597.19,2665.83,2.51
4597.19,2665.83,2.51
4597.19,2665.83,2.51
4597.19,2665.83,2.51
4597.19,2665.83,2.51
4597.19,2665.83,2.51
4597.19,2665.83,2.51
4597.19,2665.83,2.51
4597.19,2681.68,2.51
4597.19,2688.31,2.51
4597.19,2688.31,2.51
4596.17,2655.19,2.51
4593.67,2646.72,2.51
4592.17,2646.05,2.51
4586.90,2632.46,2.50
4529.22,2629.76,2.50
4457.53,2623.89,2.50
4446.77,2623.31,2.50
4393.64,2605.21,2.50
4373.48,2605.04,2.50
4370.43,2599.73,2.50
4370.43,2598.52,2.50
4370.43,2580.68,2.50
4370.43,2580.68,2.50
4370.43,2580.68,2.50
4370.43,2580.68,2.50
4370.43,2580.68,2.51
4370.43,2580.68,2.51
4358.76,2568.46,2.51
4350.73,2564.02,2.51
4340.36,2564.02,2.51
4337.80,2564.02,2.51
4325.89,2564.02,2.51
4325.89,2548.39,2.51
4325.89,2544.69,2.50
4308.86,2544.07,2.50
4308.09,2529.39,2.49
4308.09,2525.92,2.49
4308.09,2525.92,2.49
4308.86,2525.92,2.49
4340.36,2529.39,2.49
4358.76,2544.07,2.51
4394.14,2544.07,2.51
4446.77,2564.02,2.51
4502.24,2598.52,2.51
4536.25,2598.52,2.52
4563.99,2598.52,2.52
4592.17,2598.52,2.52
4592.17,2588.26,2.52
4592.17,2586.80,2.53
4586.09,2583.73,2.53
4563.99,2564.02,2.53
4536.25,2556.42,2.53
4502.24,2449.83,2.53
4394.14,2442.39,2.53
4394.14,2442.39,2.54
4394.14,2442.39,2.54
4394.14,2442.39,2.54
4394.14,2442.39,2.55
4358.76,2442.39,2.55
4308.86,2368.43,2.55
4308.09,2331.67,2.55
4306.69,2327.32,2.55
4306.69,2327.32,2.55
4306.69,2327.32,2.56
4308.09,2331.67,2.57
4308.86,2368.43,2.57
4394.14,2378.15,2.58
4428.99,2388.28,2.58
4428.99,2388.28,2.57
4428.99,2388.28,2.57
4428.99,2388.28,2.57
4428.99,2388.28,2.57
4347.71,2388.28,2.58
4347.71,2388.28,2.58
4347.71,2388.28,2.58
4347.71,2388.28,2.58
4347.71,2388.28,2.57
4332.67,2379.58,2.57
4332.67,2379.58,2.57
4347.71,2388.28,2.57
4370.34,2404.81,2.58
4400.85,2424.13,2.58
4428.99,2442.39,2.58
4451.04,2449.83,2.58
4509.92,2500.02,2.59
4523.48,2505.83,2.59
4535.01,2507.35,2.59
4535.01,2521.99,2.59
4535.01,2521.99,2.60
4535.01,2521.99,2.60
4535.01,2521.99,2.60
4535.01,2521.99,2.60
4523.48,2521.99,2.59
4509.92,2507.35,2.59
4475.83,2505.83,2.59
4451.04,2500.02,2.59
4428.99,2449.83,2.59
4400.85,2424.13,2.59
4370.34,2404.81,2.58
4400.85,2388.28,2.58
4428.99,2404.81,2.59
4451.04,2424.13,2.59
4475.83,2500.02,2.59
4509.92,2505.83,2.59
4523.48,2507.35,2.59
4523.48,2507.35,2.59
4522.59,2505.83,2.59
4509.92,2500.02,2.59
4475.83,2457.57,2.59
4475.83,2424.13,2.59
4475.83,2424.13,2.59
4475.83,2424.13,2.59
4475.83,2424.13,2.59
4475.83,2424.13,2.59
4509.92,2424.13,2.59
4522.59,2438.84,2.59
4522.59,2438.84,2.59
4509.92,2438.84,2.59
4475.83,2438.84,2.59
4475.83,2438.84,2.59
4475.83,2438.84,2.59
4475.83,2438.84,2.59
4475.83,2457.57,2.59
4509.92,2459.72,2.59
4522.59,2459.72,2.59
4522.59,2459.72,2.58
4522.59,2459.72,2.58
4537.60,2504.34,2.58
4546.92,2513.56,2.58
4595.90,2542.55,2.58
4679.52,2576.15,2.58
4679.52,2583.85,2.57
4679.52,2583.85,2.57
4679.52,2583.85,2.57
4679.52,2583.85,2.57
4679.52,2583.85,2.57
4679.52,2583.85,2.57
4679.52,2583.85,2.56
4679.52,2583.85,2.56
4679.52,2583.85,2.56
4679.52,2583.85,2.56
4679.52,2583.85,2.56
4679.52,2583.85,2.56
4768.27,2617.15,2.56
4852.09,2714.92,2.57
4905.46,2764.49,2.57
4906.75,2784.10,2.57
4906.75,2785.15,2.57
4906.75,2799.82,2.57
4906.75,2810.51,2.57
4906.75,2810.99,2.57
4905.46,2819.15,2.57
4893.47,2819.15,2.57
4887.58,2819.15,2.57
4878.54,2821.09,2.57
4878.54,2823.58,2.57
4887.58,2831.42,2.57
4893.47,2832.48,2.57
4905.46,2832.65,2.57
4906.75,2834.65,2.57
4915.41,2836.58,2.57
4924.12,2844.47,2.57
4924.12,2844.47,2.57
4924.12,2844.47,2.57
4924.12,2844.47,2.57
4924.12,2844.47,2.57
4924.12,2844.47,2.57
4924.12,2844.47,2.57
4924.12,2844.47,2.57
4924.12,2844.47,2.57
4924.12,2844.47,2.57
4924.12,2844.47,2.57
4924.12,2844.47,2.57
4924.12,2844.47,2.57
4924.12,2844.47,2.57
4915.41,2836.58,2.57
4906.75,2834.65,2.57
4905.46,2832.65,2.57
4893.47,2832.48,2.57
4887.58,2831.42,2.57
4878.54,2823.58,2.57
4869.62,2821.09,2.57
4862.67,2810.99,2.57
4846.22,2810.51,2.57
4837.73,2799.82,2.57
4831.04,2785.15,2.57
4824.08,2784.10,2.57
4781.21,2722.73,2.57
4781.21,2611.41,2.57
4781.21,2611.41,2.57
4781.21,2611.41,2.57
4781.21,2595.15,2.57
4777.79,2593.77,2.57
4695.96,2522.20,2.57
4596.06,2491.30,2.57
4596.06,2491.30,2.57
4596.06,2491.30,2.57
4596.06,2491.30,2.57
4596.06,2491.30,2.57
4596.06,2491.30,2.57
4596.06,2491.30,2.57
4596.06,2491.30,2.57
4596.06,2491.30,2.57
4596.06,2491.30,2.58
4596.06,2491.30,2.58
4596.06,2491.30,2.58
4596.06,2491.30,2.58
4596.06,2491.30,2.59
4596.06,2491.30,2.59
4596.06,2491.30,2.59
4590.42,2481.17,2.58
4581.72,2472.27,2.58
4566.70,2470.16,2.58
4546.81,2469.65,2.58
4546.81,2440.32,2.58
4546.81,2434.86,2.58
4546.81,2434.86,2.58
4546.81,2434.86,2.58
4546.81,2434.86,2.58
4546.81,2434.86,2.58
4546.81,2434.86,2.58
4546.81,2358.29,2.57
4456.00,2330.34,2.57
4362.60,2315.90,2.57
4351.38,2265.08,2.56
4351.38,2201.41,2.56
4351.38,2201.41,2.54
4351.38,2250.51,2.54
4351.38,2263.29,2.53
4351.38,2302.76,2.53
4362.60,2315.90,2.53
4393.16,2330.34,2.53
4546.81,2350.54,2.53
4566.70,2467.30,2.54
4581.72,2470.16,2.54
4647.82,2472.27,2.56
4663.66,2491.30,2.57
4663.66,2522.20,2.57
4647.82,2522.20,2.57
4581.72,2472.27,2.57
4566.70,2470.16,2.57
4552.42,2467.30,2.57
4393.16,2432.32,2.57
4351.38,2432.32,2.56
4351.38,2432.32,2.56
4351.38,2432.32,2.56
4351.38,2432.32,2.56
4351.38,2432.32,2.56
4351.38,2432.32,2.56
4351.38,2432.32,2.56
4351.38,2432.32,2.56
4351.38,2432.32,2.56
4351.38,2432.32,2.56
4351.38,2432.32,2.56
4351.38,2432.32,2.56
4351.38,2432.32,2.56
4351.38,2432.32,2.56
4351.38,2432.32,2.56
4351.38,2432.32,2.56
4351.38,2432.32,2.56
4351.38,2432.32,2.56
4367.76,2435.49,2.57
4393.16,2467.30,2.57
4552.42,2479.33,2.57
4633.22,2525.65,2.58
4633.22,2538.43,2.58
4633.22,2568.40,2.58
4633.62,2580.77,2.58
4654.63,2636.97,2.58
4659.76,2642.48,2.58
4711.10,2650.39,2.58
4719.56,2651.07,2.58
4724.92,2651.75,2.58
4747.11,2654.06,2.58
4754.65,2654.99,2.58
4792.16,2662.50,2.58
4792.16,2664.11,2.58
4792.16,2665.30,2.58
4792.16,2667.76,2.58
4792.16,2672.38,2.58
4792.16,2672.38,2.58
4792.16,2672.38,2.58
4792.16,2672.38,2.58
4779.68,2672.38,2.58
4758.75,2672.38,2.57
4754.65,2672.38,2.57
4747.11,2672.38,2.56
4747.11,2672.70,2.56
4754.65,2677.63,2.55
4758.75,2679.26,2.54
4779.68,2679.55,2.54
4792.16,2681.11,2.55
4797.75,2682.41,2.55
4810.20,2685.39,2.55
4812.54,2685.39,2.55
4812.54,2685.39,2.55
4812.54,2685.39,2.55
4812.54,2685.39,2.54
4810.20,2685.39,2.54
4797.75,2682.41,2.54
4792.16,2682.41,2.54
4779.68,2682.41,2.54
4762.46,2682.41,2.54
4762.46,2682.41,2.54
4762.46,2682.41,2.54
4762.46,2682.41,2.54
4762.46,2685.39,2.54
4762.46,2685.74,2.54
4762.46,2685.74,2.54
4762.46,2685.74,2.54
4762.46,2685.74,2.54
4762.46,2685.39,2.54
4761.94,2685.39,2.54
4758.75,2685.39,2.54
4758.75,2685.39,2.53
4758.75,2685.39,2.53
4761.94,2685.74,2.53
4762.46,2687.44,2.53
4766.42,2691.26,2.54
4766.42,2692.53,2.54
4766.42,2692.53,2.54
4766.42,2691.26,2.54
4762.46,2687.44,2.54
4761.94,2687.44,2.54
4758.75,2687.44,2.54
4751.44,2687.44,2.54
4744.71,2687.44,2.54
4735.29,2687.44,2.53
4712.42,2687.44,2.53
4696.51,2682.41,2.53
4696.51,2675.45,2.53
4696.51,2675.45,2.53
4712.42,2687.44,2.54
4744.71,2691.26,2.54
4751.44,2710.80,2.54
4761.94,2717.09,2.54
4762.46,2727.69,2.54
4766.42,2710.80,2.54
4762.46,2691.26,2.54
4761.94,2675.45,2.54
4751.44,2670.73,2.55
4712.42,2657.19,2.55
4696.51,2638.96,2.54
4695.86,2615.54,2.54
4680.54,2611.72,2.54
4673.66,2595.00,2.54
4664.88,2595.00,2.54
4654.17,2595.00,2.55
4654.17,2595.00,2.55
4654.17,2594.68,2.55
4654.17,2580.14,2.55
4577.78,2492.12,2.55
4561.13,2487.09,2.55
4527.68,2477.71,2.55
4495.96,2472.21,2.55
4483.57,2461.44,2.55
4483.57,2412.59,2.54
4483.57,2412.59,2.54
4483.57,2412.59,2.54
4483.57,2412.59,2.54
4483.57,2412.59,2.54
4483.57,2412.59,2.54
4483.57,2412.59,2.55
4483.57,2412.59,2.55
4483.57,2412.59,2.55
4483.57,2412.59,2.55
4483.57,2412.59,2.55
4483.57,2412.59,2.55
4405.92,2412.59,2.55
4303.14,2395.72,2.55
4271.84,2353.98,2.55
4271.84,2345.66,2.55
4303.14,2345.66,2.55
4304.88,2353.98,2.55
4405.92,2359.26,2.55
4483.57,2412.59,2.55
4495.96,2441.20,2.55
4561.13,2461.44,2.56
4577.78,2472.21,2.57
4607.23,2477.71,2.58
4695.86,2487.09,2.58
4725.06,2492.12,2.59
4802.62,2615.54,2.59
4802.62,2615.54,2.59
4802.62,2615.54,2.59
4802.62,2615.54,2.59
4802.62,2615.54,2.59
4802.62,2615.54,2.59
4802.62,2624.71,2.61
4817.12,2647.80,2.61
4817.12,2647.80,2.61
4817.12,2647.80,2.61
4817.12,2647.80,2.61
4817.12,2647.80,2.61
4817.12,2647.80,2.61
4817.12,2647.80,2.61
4817.12,2647.80,2.61
4817.12,2647.80,2.61
4817.12,2647.80,2.60
4817.12,2647.80,2.59
4823.92,2647.80,2.59
4832.87,2650.86,2.60
4833.99,2657.46,2.61
4872.23,2661.42,2.61
4875.48,2665.67,2.61
4875.48,2665.67,2.61
4875.48,2665.67,2.61
4875.48,2665.67,2.61
4872.23,2661.42,2.61
4833.99,2657.46,2.60
4832.87,2650.86,2.60
4823.92,2647.80,2.60
4817.12,2624.71,2.60
4802.62,2560.09,2.60
4802.62,2560.09,2.60
4817.12,2560.09,2.60
4823.92,2560.09,2.60
4823.92,2560.09,2.60
4872.23,2560.09,2.60
4875.48,2624.71,2.61
4875.48,2624.71,2.61
4875.48,2624.71,2.63
4875.48,2624.71,2.63
4875.48,2624.71,2.63
4875.48,2624.71,2.61
4872.23,2560.09,2.61
4732.57,2559.57,2.60
4696.67,2540.26,2.60
4696.67,2540.26,2.60
4696.67,2540.26,2.60
4696.67,2540.26,2.60
4696.67,2540.26,2.60
4696.67,2540.26,2.60
4696.67,2540.26,2.60
4696.67,2540.26,2.60
4694.09,2540.26,2.60
4692.68,2523.37,2.60
4656.51,2507.75,2.60
4636.62,2489.95,2.60
4577.74,2484.11,2.59
4561.88,2428.15,2.59
4458.70,2407.44,2.59
4458.70,2407.44,2.59
4458.70,2407.44,2.59
4458.70,2407.44,2.59
4458.70,2407.44,2.59
4458.70,2407.44,2.59
4458.70,2407.44,2.59
4458.70,2407.44,2.59
4458.70,2407.44,2.59
4429.44,2407.44,2.59
4416.00,2397.17,2.59
4393.32,2349.94,2.58
4366.81,2345.92,2.58
4360.13,2323.29,2.58
4358.77,2320.78,2.58
4354.63,2320.34,2.58
4310.39,2316.70,2.58
4310.39,2316.70,2.58
4310.39,2316.70,2.58
4310.39,2316.70,2.58
4310.39,2316.70,2.58
4310.39,2316.70,2.57
4288.28,2292.11,2.56
4269.76,2283.26,2.56
4114.67,2280.02,2.55
4073.33,2206.91,2.55
3892.82,2195.22,2.54
3885.94,2167.44,2.51
3859.00,2141.21,2.51
3859.00,2141.21,2.51
3859.00,2141.21,2.51
3859.00,2141.21,2.51
3859.00,2141.21,2.51
3892.82,2141.21,2.51
4005.53,2195.22,2.51
4005.53,2195.22,2.53
4005.53,2195.22,2.52
4005.53,2195.22,2.52
4005.53,2195.22,2.52
4005.53,2195.22,2.52
4005.53,2195.22,2.51
4005.53,2195.22,2.51
4005.53,2195.22,2.51
4005.53,2195.22,2.51
4005.53,2195.22,2.51
4005.53,2195.22,2.51
4005.53,2195.22,2.51
4005.53,2195.22,2.50
4005.53,2195.22,2.50
4005.53,2195.22,2.50
4005.53,2195.22,2.50
4005.53,2195.22,2.50
3859.00,2195.22,2.50
3840.98,2086.34,2.49
3836.73,2069.73,2.48
3742.49,2056.09,2.48
3742.49,2056.09,2.48
3742.49,2056.09,2.48
3742.49,2056.09,2.48
3836.73,2056.09,2.48
3840.98,2069.73,2.48
3916.18,2072.19,2.48
4005.53,2237.22,2.48
4309.02,2397.36,2.50
4309.63,2403.49,2.50
4338.13,2515.12,2.51
4361.31,2543.77,2.51
4399.73,2571.11,2.51
4400.75,2571.11,2.52
4501.51,2571.11,2.52
4508.89,2571.11,2.52
4508.89,2571.11,2.52
4508.89,2571.11,2.53
4508.89,2571.11,2.53
4508.89,2571.11,2.54
4508.89,2571.11,2.54
4508.89,2571.11,2.54
4508.89,2571.11,2.54
4508.89,2571.11,2.55
4508.89,2571.11,2.55
4508.89,2571.11,2.55
4508.89,2571.11,2.55
4501.51,2551.71,2.55
4474.70,2543.77,2.55
4474.70,2529.66,2.55
4474.70,2528.65,2.56
4474.70,2522.82,2.56
4474.70,2518.08,2.56
4501.51,2513.93,2.57
4507.06,2513.93,2.57
4531.99,2513.93,2.57
4556.40,2513.93,2.57
4558.00,2513.93,2.57
4558.00,2513.93,2.57
4558.00,2513.93,2.57
4558.00,2513.93,2.57
4558.00,2513.93,2.57
4558.00,2513.93,2.57
4558.00,2513.93,2.57
4558.00,2513.93,2.57
4558.00,2513.93,2.56
4558.00,2513.93,2.56
4558.00,2513.93,2.56
4558.00,2518.08,2.56
4558.00,2518.08,2.56
4558.00,2518.08,2.56
4558.00,2518.08,2.56
4558.00,2518.08,2.56
4583.15,2518.08,2.56
4584.05,2520.35,2.57
4590.60,2521.77,2.57
4599.33,2522.82,2.57
4599.33,2524.17,2.57
4599.33,2524.17,2.57
4599.33,2524.17,2.57
4599.33,2524.17,2.57
4599.33,2524.17,2.57
4590.60,2522.82,2.57
4584.05,2521.77,2.57
4583.15,2520.35,2.57
4558.00,2518.08,2.57
4583.15,2520.35,2.57
4590.60,2521.77,2.57
4599.33,2522.82,2.57
4602.17,2524.17,2.57
4608.45,2526.05,2.57
4623.16,2529.66,2.57
4623.46,2535.97,2.57
4630.72,2538.27,2.57
4632.71,2543.66,2.57
4632.71,2543.66,2.57
4632.71,2543.66,2.57
4632.71,2543.66,2.57
4632.71,2543.66,2.57
4632.71,2543.66,2.58
4632.71,2543.66,2.58
4632.71,2543.66,2.58
4632.71,2543.66,2.58
4632.71,2543.66,2.57
4632.71,2543.66,2.57
4630.72,2538.27,2.57
4623.16,2535.97,2.57
4602.17,2526.05,2.57
4590.60,2524.17,2.57
4583.15,2521.77,2.57
4546.49,2520.35,2.57
4512.58,2511.30,2.57
4478.00,2493.81,2.57
4454.42,2487.63,2.58
4454.42,2487.36,2.59
4454.42,2472.74,2.59
4452.46,2455.79,2.59
4442.26,2454.55,2.59
4435.21,2449.94,2.59
4426.16,2441.64,2.59
4426.16,2415.85,2.59
4426.16,2402.71,2.59
4426.16,2380.48,2.59
4386.88,2351.07,2.59
4385.28,2346.16,2.59
4320.96,2327.70,2.59
4318.44,2326.84,2.58
4297.16,2323.90,2.57
4294.81,2289.17,2.57
4270.87,2280.02,2.53
4264.54,2274.24,2.53
4178.66,2237.38,2.52
4114.10,2201.23,2.52
4089.04,2197.98,2.52
4036.14,2191.73,2.50
4016.83,2152.87,2.49
4013.96,2137.16,2.48
4013.96,2123.38,2.47
4013.96,2115.40,2.47
4013.96,2115.40,2.47
4013.96,2115.40,2.47
4013.96,2115.40,2.47
4013.96,2115.40,2.47
4013.96,2115.40,2.47
4013.96,2115.40,2.47
4013.96,2115.40,2.47
4013.96,2115.40,2.47
4013.96,2115.40,2.46
4013.96,2115.40,2.44
3980.73,2115.40,2.44
3957.82,2115.40,2.44
3954.89,2113.70,2.44
3954.89,2113.70,2.44
3954.89,2115.40,2.44
3957.82,2117.60,2.44
3980.73,2123.38,2.45
4013.96,2133.16,2.45
4014.13,2137.16,2.45
4014.13,2152.87,2.45
4014.13,2162.90,2.47
4016.83,2167.25,2.47
4048.15,2177.62,2.48
4016.83,2181.82,2.47
4014.13,2177.62,2.47
3957.82,2167.25,2.45
3946.31,2162.90,2.44
3944.45,2152.87,2.44
3937.38,2137.16,2.42
3937.38,2137.16,2.42
3937.38,2137.16,2.42
3944.45,2137.16,2.44
3946.31,2137.16,2.44
3957.82,2162.90,2.45
4014.13,2167.25,2.45
4048.15,2177.62,2.45
4048.15,2181.82,2.45
4048.15,2181.85,2.45
4048.15,2181.85,2.45
4048.15,2181.85,2.47
4048.15,2181.85,2.47
4048.15,2181.85,2.47
4048.15,2181.85,2.47
4048.15,2181.85,2.47
4049.86,2182.09,2.47
4068.15,2185.69,2.47
4072.68,2190.85,2.49
4076.39,2212.87,2.49
4080.99,2236.96,2.50
4100.46,2241.67,2.50
4124.28,2255.83,2.50
4175.74,2260.39,2.50
4190.19,2260.46,2.50
4190.19,2274.74,2.50
4190.19,2276.95,2.50
4190.19,2330.90,2.50
4234.58,2345.31,2.50
4255.25,2366.48,2.50
4298.57,2386.92,2.50
4298.57,2386.92,2.52
4298.57,2386.92,2.52
4298.57,2386.92,2.52
4298.57,2386.92,2.52
4298.57,2386.92,2.52
4298.57,2386.92,2.52
4298.57,2386.92,2.52
4298.57,2386.92,2.51
4298.57,2386.92,2.50
4255.25,2386.92,2.50
4190.19,2345.31,2.50
4137.83,2303.90,2.50
3995.02,2276.95,2.50
3971.95,2260.39,2.50
3971.19,2245.48,2.49
3971.19,2185.69,2.49
3971.19,2185.69,2.49
3971.19,2185.69,2.49
3971.19,2185.69,2.49
3971.19,2185.69,2.49
3971.19,2185.69,2.49
3867.49,2152.32,2.49
3833.67,2141.94,2.49
3833.67,2132.53,2.49
3833.67,2132.53,2.49
3833.67,2132.53,2.49
3833.67,2132.53,2.49
3833.67,2132.53,2.49
3833.67,2132.53,2.49
3867.49,2132.53,2.50
3890.52,2141.94,2.50
3971.95,2152.32,2.50
3995.02,2215.51,2.50
4137.83,2245.48,2.51
4181.06,2303.90,2.52
4255.25,2345.31,2.52
4298.57,2386.92,2.52
4298.57,2386.92,2.52
4298.57,2386.92,2.52
4298.57,2386.92,2.52
4298.57,2386.92,2.52
4298.57,2386.92,2.52
4298.57,2386.92,2.55
4298.57,2386.92,2.55
4298.57,2386.92,2.55
4298.57,2386.92,2.55
4298.57,2386.92,2.55
4298.57,2386.92,2.55
4298.57,2386.92,2.55
4298.57,2374.52,2.55
4383.88,2374.52,2.55
4399.39,2389.76,2.59
4464.68,2395.52,2.60
4474.07,2442.39,2.61
4609.44,2443.19,2.62
4618.27,2507.84,2.62
4719.43,2543.64,2.62
4719.43,2543.64,2.63
4719.43,2543.64,2.63
4719.43,2543.64,2.63
4719.43,2543.64,2.63
4719.43,2543.64,2.63
4719.43,2543.64,2.63
4719.43,2543.64,2.63
4719.43,2543.64,2.63
4719.43,2543.64,2.63
4719.43,2543.64,2.63
4719.43,2543.64,2.63
4719.43,2543.64,2.63
4719.43,2543.64,2.63
4719.43,2543.64,2.63
4719.43,2543.64,2.63
4771.58,2552.61,2.63
4771.91,2562.30,2.63
4774.92,2583.51,2.63
4795.30,2598.06,2.63
4799.01,2598.06,2.64
4799.01,2598.06,2.64
4799.01,2598.06,2.64
4799.01,2583.51,2.64
4795.30,2562.30,2.63
4774.92,2552.61,2.63
4771.91,2543.64,2.62
4719.43,2507.84,2.62
4700.77,2499.85,2.62
4657.49,2476.80,2.61
4626.03,2448.18,2.60
4618.27,2447.38,2.60
4609.44,2443.19,2.59
4522.44,2442.39,2.59
4475.90,2395.52,2.59
4474.07,2389.76,2.59
4464.68,2374.52,2.58
4399.39,2352.52,2.56
4383.88,2318.86,2.55
4332.77,2239.26,2.53
4166.99,2189.76,2.52
4059.53,2129.52,2.49
4059.53,2098.03,2.47
4059.53,2098.03,2.47
4059.53,2098.03,2.47
4059.53,2098.03,2.47
4059.53,2098.03,2.47
4059.53,2098.03,2.47
4059.53,2098.03,2.47
4059.53,2098.03,2.47
4059.53,2098.03,2.47
3905.17,2098.03,2.44
3836.69,2098.03,2.44
3782.13,2080.67,2.44
3782.13,2050.02,2.44
3782.13,2050.02,2.44
3810.66,2050.02,2.45
3836.69,2057.36,2.47
3848.49,2077.52,2.48
3891.07,2080.67,2.49
3905.17,2098.03,2.49
3905.17,2103.87,2.49
3905.17,2111.26,2.49
3905.17,2116.83,2.49
3905.17,2116.83,2.49
3905.17,2116.83,2.49
3905.17,2116.83,2.49
3905.17,2116.83,2.49
3905.17,2116.83,2.49
3905.17,2116.83,2.49
3905.17,2116.83,2.49
3905.17,2116.83,2.49
3905.17,2116.83,2.49
3905.17,2116.83,2.49
3905.17,2116.83,2.49
3905.17,2118.61,2.50
3959.33,2119.45,2.50
3967.73,2124.29,2.50
3974.55,2126.69,2.51
4018.62,2129.69,2.52
4018.62,2132.49,2.52
4018.62,2150.95,2.52
4018.62,2157.72,2.54
4018.62,2158.71,2.54
4030.43,2161.35,2.54
4072.29,2188.82,2.55
4088.77,2204.15,2.55
4090.64,2221.99,2.55
4128.76,2240.44,2.55
4176.51,2271.61,2.55
4237.97,2274.77,2.56
4238.99,2288.53,2.57
4278.13,2313.23,2.57
4297.28,2315.91,2.57
4339.25,2327.09,2.58
4344.17,2330.09,2.58
4344.17,2362.71,2.58
4344.17,2362.71,2.59
4344.17,2362.71,2.60
4382.71,2417.06,2.60
4487.65,2461.97,2.60
4563.88,2502.71,2.60
4563.88,2517.70,2.60
4563.88,2517.70,2.60
4563.88,2517.70,2.60
4563.88,2519.89,2.60
4610.22,2528.26,2.60
4611.02,2529.12,2.61
4641.29,2535.29,2.61
4670.69,2540.78,2.61
4685.07,2549.00,2.61
4685.07,2549.00,2.61
4685.07,2549.00,2.61
4685.07,2549.00,2.61
4685.07,2549.00,2.61
4685.07,2549.00,2.61
4685.07,2549.00,2.61
4685.07,2549.00,2.61
4685.07,2540.78,2.60
4685.07,2535.29,2.60
4685.07,2535.29,2.60
4685.07,2535.29,2.60
4685.07,2535.29,2.60
4685.07,2535.29,2.60
4685.07,2535.29,2.60
4685.07,2535.29,2.60
4685.07,2535.29,2.60
4685.07,2535.29,2.60
4685.07,2535.29,2.60
4689.86,2535.29,2.59
4693.11,2540.78,2.59
4703.41,2549.00,2.60
4704.43,2552.86,2.60
4717.92,2556.02,2.60
4726.32,2564.54,2.60
4728.73,2565.32,2.60
4744.45,2580.81,2.60
4744.45,2587.04,2.60
4744.45,2600.31,2.60
4744.45,2600.31,2.60
4728.73,2600.31,2.60
4726.32,2587.04,2.60
4717.92,2580.81,2.60
4714.62,2565.32,2.60
4704.43,2556.02,2.60
4703.41,2552.86,2.59
4693.11,2552.86,2.59
4693.11,2552.86,2.59
4693.11,2552.86,2.59
4689.86,2552.86,2.59
4641.29,2552.86,2.59
4633.35,2549.00,2.59
4633.35,2544.84,2.59
4633.35,2544.84,2.59
4633.35,2544.84,2.59
4633.35,2544.84,2.59
4633.35,2518.56,2.59
4510.53,2485.47,2.59
4505.17,2442.84,2.59
4479.51,2433.96,2.59
4479.51,2433.96,2.59
4479.51,2433.96,2.59
4479.51,2442.84,2.59
4510.53,2485.47,2.59
4565.24,2516.88,2.59
4565.24,2516.88,2.59
4565.24,2516.88,2.59
4565.24,2516.88,2.59
4565.24,2516.88,2.60
4510.53,2516.88,2.60
4358.83,2442.84,2.59
4340.33,2432.19,2.59
4320.17,2396.36,2.59
4218.39,2356.26,2.59
4214.59,2345.72,2.59
4190.34,2312.62,2.59
4116.13,2270.91,2.59
4094.45,2243.32,2.59
4093.24,2231.36,2.59
4085.41,2219.33,2.59
4085.41,2219.33,2.59
4085.41,2219.33,2.59
4085.41,2219.33,2.59
4085.41,2219.33,2.59
4070.56,2219.33,2.58
4057.28,2215.93,2.58
4055.63,2206.78,2.58
4046.57,2206.78,2.57
4046.57,2206.78,2.56
4046.57,2206.78,2.56
4046.57,2206.78,2.56
4046.57,2206.78,2.56
4046.57,2206.78,2.56
4046.57,2206.78,2.57
4046.57,2210.32,2.58
4046.57,2215.93,2.58
4046.57,2219.33,2.58
4046.57,2226.78,2.58
4055.63,2231.36,2.59
4116.13,2257.37,2.59
4155.48,2270.91,2.59
4155.48,2279.14,2.60
4155.48,2279.14,2.60
4155.48,2279.14,2.60
4155.48,2279.14,2.60
4155.48,2279.14,2.59
4155.48,2279.14,2.59
4155.48,2279.14,2.59
4155.48,2279.14,2.58
4135.76,2270.91,2.58
4135.76,2257.37,2.58
4135.76,2257.37,2.59
4135.76,2257.37,2.59
4135.76,2257.37,2.59
4135.76,2257.37,2.59
4135.76,2257.37,2.59
4135.76,2257.37,2.59
4135.76,2257.37,2.59
4149.07,2257.37,2.59
4155.48,2279.14,2.59
4165.32,2284.83,2.61
4224.29,2299.42,2.62
4236.51,2304.25,2.62
4319.70,2331.68,2.62
4339.78,2437.90,2.62
4491.47,2490.36,2.62
4588.00,2607.97,2.62
4640.63,2608.17,2.62
4806.82,2610.87,2.62
4808.96,2612.06,2.62
4814.62,2612.06,2.62
4824.78,2612.06,2.62
4830.68,2612.06,2.62
4830.68,2612.06,2.62
4830.68,2612.06,2.62
4830.68,2612.06,2.62
4830.68,2612.06,2.62
4830.68,2612.06,2.62
4830.68,2612.06,2.62
4830.68,2612.06,2.62
4830.68,2612.06,2.62
4830.68,2612.06,2.61
4824.78,2612.06,2.61
4808.96,2612.06,2.61
4808.96,2610.87,2.61
4808.71,2609.96,2.61
4806.82,2608.17,2.61
4804.55,2607.97,2.60
4792.90,2607.75,2.60
4785.95,2606.88,2.60
4785.95,2606.09,2.60
4785.95,2600.20,2.59
4785.95,2600.20,2.59
4785.95,2600.20,2.59
4785.95,2600.20,2.59
4785.95,2600.20,2.59
4785.95,2600.20,2.59
4785.95,2600.20,2.59
4785.95,2600.20,2.59
4785.95,2600.20,2.59
4785.95,2600.20,2.59
4785.95,2600.20,2.59
4785.95,2600.20,2.59
4765.24,2594.96,2.59
4761.57,2588.62,2.59
4759.84,2585.94,2.59
4735.57,2585.50,2.57
4733.56,2579.76,2.57
4721.77,2572.52,2.56
4715.69,2571.54,2.56
4710.22,2567.21,2.56
4703.20,2562.76,2.56
4694.69,2553.94,2.56
4693.36,2553.56,2.56
4686.18,2548.15,2.55
4685.18,2546.70,2.55
4679.47,2546.01,2.55
4606.46,2544.42,2.54
4528.99,2541.30,2.54
4473.15,2539.58,2.53
4448.85,2504.49,2.53
4435.57,2453.22,2.52
4416.12,2432.54,2.52
4389.49,2432.54,2.52
4373.06,2432.41,2.51
4369.53,2427.70,2.51
4369.53,2425.70,2.51
4369.53,2421.84,2.51
4369.53,2421.55,2.51
4369.53,2415.55,2.51
4369.53,2415.55,2.51
4369.53,2415.55,2.51
4369.53,2415.55,2.51
4369.53,2412.76,2.51
4369.53,2412.64,2.51
4369.53,2411.75,2.51
4369.53,2411.02,2.51
4369.53,2408.02,2.51
4369.53,2405.62,2.51
4366.17,2399.13,2.52
4362.85,2396.18,2.52
4361.80,2394.96,2.52
4340.09,2394.96,2.52
4310.94,2394.96,2.51
4310.94,2394.96,2.51
4310.94,2394.96,2.51
4310.94,2394.96,2.51
4310.94,2394.96,2.51
4310.94,2394.96,2.51
4310.94,2394.96,2.51
4310.82,2392.13,2.50
4301.48,2386.86,2.50
4252.53,2383.11,2.48
4232.19,2377.66,2.48
4210.51,2377.66,2.48
4178.40,2377.66,2.48
4178.40,2377.66,2.50
4210.51,2377.66,2.50
4217.14,2383.11,2.51
4252.53,2386.86,2.51
4310.82,2392.13,2.52
4310.94,2394.96,2.52
4340.09,2396.18,2.52
4369.53,2405.62,2.53
4390.12,2408.02,2.54
4398.13,2411.75,2.54
4400.61,2412.64,2.54
4400.90,2412.76,2.54
4426.76,2414.53,2.55
4443.98,2415.55,2.56
4443.98,2415.55,2.56
4443.98,2415.55,2.56
4443.98,2415.55,2.56
4443.98,2415.55,2.56
4443.98,2414.53,2.56
4443.98,2412.76,2.56
4443.98,2412.64,2.56
4464.46,2412.64,2.56
4487.74,2414.53,2.56
4507.44,2415.55,2.57
4507.44,2423.33,2.57
4507.44,2428.13,2.58
4507.44,2428.13,2.58
4507.44,2454.41,2.58
4507.44,2454.73,2.58
4507.44,2461.18,2.58
4562.94,2468.02,2.59
4641.28,2499.46,2.60
4719.66,2513.92,2.60
4732.05,2525.73,2.61
4749.18,2551.31,2.61
4755.85,2568.16,2.61
4756.47,2653.39,2.62
4836.14,2708.64,2.62
4929.86,2749.83,2.62
4959.64,2752.23,2.62
4959.64,2752.23,2.62
4959.64,2752.23,2.62
4959.64,2752.23,2.62
4959.64,2752.23,2.62
5027.59,2772.15,2.62
5028.37,2773.71,2.62
5049.16,2778.36,2.62
5053.15,2786.93,2.62
5053.15,2787.38,2.62
5053.15,2796.04,2.62
5053.15,2796.04,2.62
5053.15,2796.04,2.62
5053.15,2796.04,2.62
5053.15,2796.04,2.62
5049.16,2796.04,2.62
5028.87,2796.04,2.62
5028.37,2787.38,2.62
5027.59,2778.36,2.62
4959.64,2773.71,2.62
4957.15,2772.15,2.62
4929.86,2752.23,2.62
4836.14,2750.07,2.62
4756.47,2653.39,2.62
4749.18,2626.67,2.62
4749.18,2626.67,2.62
4749.18,2626.67,2.62
4749.18,2626.67,2.62
4749.18,2626.67,2.62
4749.18,2626.67,2.62
4749.18,2626.67,2.62
4749.18,2626.67,2.62
4749.18,2626.67,2.62
4749.18,2626.67,2.62
4732.05,2626.67,2.62
4719.66,2626.67,2.62
4706.40,2626.67,2.61
4641.15,2626.67,2.61
4592.29,2543.18,2.61
4592.29,2528.49,2.61
4592.29,2528.49,2.61
4592.29,2528.49,2.61
4585.60,2524.52,2.61
4488.72,2496.74,2.61
4474.01,2480.29,2.61
4474.01,2480.29,2.61
4474.01,2480.29,2.61
4474.01,2480.29,2.61
4474.01,2480.29,2.61
4474.01,2480.29,2.61
4474.01,2480.29,2.60
4474.01,2480.29,2.60
4474.01,2480.29,2.60
4474.01,2480.29,2.59
4474.01,2480.29,2.59
4474.01,2480.29,2.59
4474.01,2480.29,2.59
4474.01,2480.29,2.59
4474.01,2480.29,2.58
4474.01,2480.29,2.58
4474.01,2480.29,2.58
4474.01,2480.29,2.58
4474.01,2480.29,2.58
4488.72,2480.29,2.58
4506.45,2485.57,2.58
4506.45,2485.57,2.58
4506.45,2485.57,2.58
4529.58,2485.57,2.58
4549.64,2496.74,2.58
4553.33,2501.29,2.58
4572.57,2505.50,2.58
4578.24,2522.55,2.58
4580.61,2524.52,2.58
4580.61,2528.49,2.58
4580.61,2530.82,2.58
4580.61,2530.82,2.58
4581.11,2542.86,2.58
4581.46,2545.51,2.58
4624.51,2554.95,2.58
4638.29,2577.48,2.58
4648.26,2597.56,2.58
4661.12,2597.74,2.58
4679.22,2597.74,2.58
4679.64,2597.74,2.58
4682.56,2597.74,2.58
4689.54,2597.74,2.58
4690.14,2597.74,2.58
4690.22,2599.98,2.58
4693.51,2601.71,2.58
4698.83,2608.11,2.58
4698.83,2608.74,2.58
4698.83,2609.09,2.58
4699.93,2610.88,2.58
4709.22,2611.86,2.58
4710.88,2612.33,2.58
4710.95,2615.96,2.58
4711.75,2617.48,2.58
4711.75,2616.22,2.58
4711.75,2616.22,2.58
4711.75,2616.22,2.58
4711.75,2616.22,2.57
4711.75,2616.22,2.57
4713.42,2616.22,2.57
4713.60,2616.22,2.57
4718.58,2618.48,2.57
4723.85,2620.15,2.57
4723.85,2620.15,2.57
4723.85,2618.48,2.57
4723.85,2616.22,2.57
4723.85,2615.96,2.57
4723.85,2611.86,2.57
4723.85,2611.86,2.57
4723.85,2611.86,2.57
4723.85,2611.86,2.57
4723.85,2611.86,2.57
4723.85,2611.86,2.57
4723.85,2611.86,2.57
4723.85,2611.86,2.57
4723.85,2611.86,2.57
4730.19,2611.86,2.57
4744.08,2611.86,2.57
4744.08,2611.86,2.57
4744.08,2610.69,2.57
4744.08,2609.09,2.57
4745.80,2608.74,2.57
4745.80,2608.11,2.57
4745.80,2601.71,2.57
4745.80,2601.31,2.57
4745.80,2599.71,2.57
4745.80,2595.81,2.57
4745.80,2591.19,2.57
4745.80,2591.19,2.57
4752.21,2591.19,2.57
4760.42,2595.81,2.57
4767.91,2596.05,2.57
4776.17,2599.71,2.57
4784.65,2601.31,2.57
4787.44,2609.09,2.57
4798.49,2610.69,2.57
4797.85,2610.69,2.57
4787.44,2610.69,2.57
4784.65,2610.69,2.57
4767.91,2610.69,2.57
4745.80,2610.69,2.56
4745.36,2610.69,2.56
4740.51,2610.69,2.56
4732.39,2610.69,2.56
4732.39,2610.69,2.56
4732.39,2610.69,2.56
4732.39,2610.69,2.56
4732.39,2610.69,2.56
4740.51,2610.69,2.56
4732.39,2610.69,2.56
4727.38,2610.69,2.56
4724.73,2601.31,2.56
4719.63,2599.71,2.56
4717.35,2596.05,2.56
4717.35,2584.10,2.56
4719.63,2596.05,2.56
4724.73,2599.71,2.56
4727.38,2601.31,2.57
4732.39,2606.13,2.57
4732.39,2606.13,2.57
4732.39,2606.13,2.57
4732.39,2606.13,2.57
4732.39,2606.13,2.56
4732.39,2606.13,2.56
4732.39,2606.13,2.57
4732.39,2606.13,2.57
4732.39,2606.13,2.57
4727.38,2606.13,2.57
4724.73,2606.13,2.57
4719.63,2606.13,2.57
4717.35,2606.13,2.56
4717.23,2606.13,2.56
4716.37,2606.13,2.56
4684.57,2606.13,2.56
4684.57,2606.13,2.56
4684.57,2606.13,2.56
4684.57,2606.13,2.56
4684.57,2606.13,2.56
4684.57,2606.13,2.56
4634.81,2606.13,2.56
4494.31,2535.24,2.56
4408.96,2505.30,2.56
4408.63,2494.56,2.56
4373.13,2478.88,2.56
4332.12,2397.70,2.56
4315.40,2321.31,2.55
4291.20,2311.90,2.54
4285.38,2311.36,2.54
4272.64,2303.75,2.54
4272.24,2302.41,2.54
4258.44,2285.06,2.54
4227.03,2267.87,2.54
4213.27,2252.90,2.54
4130.31,2205.84,2.54
4082.49,2194.46,2.54
3981.07,2115.39,2.54
3929.08,2113.53,2.54
3912.74,2103.47,2.53
3911.98,2059.97,2.53
3909.82,2057.35,2.53
3894.49,2056.55,2.52
3890.90,2056.55,2.52
3890.90,2056.55,2.52
3890.90,2056.55,2.52
3890.90,2056.55,2.52
3890.90,2056.55,2.52
3890.90,2056.55,2.52
3890.90,2056.55,2.52
3890.90,2056.55,2.52
3890.90,2056.55,2.52
3890.90,2056.55,2.52
3894.49,2056.55,2.53
3909.82,2057.35,2.53
3911.98,2059.97,2.54
3912.74,2113.53,2.54
3929.08,2115.39,2.54
3981.07,2192.29,2.53
4082.49,2194.46,2.53
4109.26,2205.84,2.52
4130.31,2252.90,2.53
4213.27,2267.87,2.53
4227.03,2285.06,2.53
4272.24,2302.41,2.53
4272.24,2303.75,2.53
4244.86,2303.75,2.52
4213.27,2302.41,2.52
4130.31,2285.06,2.51
4109.26,2252.90,2.51
3929.08,2194.46,2.51
3908.82,2192.29,2.51
3908.82,2113.53,2.50
3908.82,2113.53,2.49
3908.82,2113.53,2.49
3935.42,2192.29,2.50
4109.26,2291.36,2.51
4244.86,2330.82,2.51
4269.73,2379.55,2.51
4318.09,2403.63,2.51
4359.42,2437.02,2.51
4408.98,2452.52,2.52
4408.98,2452.52,2.52
4408.98,2452.52,2.55
4408.98,2452.52,2.55
4408.98,2452.52,2.55
4408.98,2452.52,2.55
4408.98,2452.52,2.55
4408.98,2452.52,2.55
4408.98,2455.53,2.56
4465.23,2457.03,2.56
4476.96,2457.98,2.57
4476.96,2460.37,2.58
4476.96,2460.37,2.58
4476.96,2460.37,2.58
4476.96,2457.98,2.58
4465.23,2457.03,2.58
4408.98,2455.53,2.58
4390.95,2452.52,2.58
4377.44,2437.02,2.58
4359.42,2428.35,2.58
4354.70,2403.63,2.58
4318.09,2383.90,2.58
4278.13,2379.55,2.58
4269.73,2366.23,2.58
4244.86,2331.24,2.58
4210.28,2330.82,2.58
4144.18,2309.99,2.58
4128.14,2291.36,2.58
4127.81,2272.29,2.58
4127.81,2272.29,2.58
4127.81,2272.29,2.58
4127.81,2271.34,2.58
4127.81,2267.83,2.58
4127.81,2267.83,2.58
4127.81,2267.83,2.58
4127.81,2267.83,2.59
4128.14,2271.34,2.59
4144.18,2272.29,2.59
4150.98,2281.42,2.59
4162.94,2290.73,2.59
4171.38,2290.82,2.59
4186.54,2291.36,2.60
4210.28,2309.99,2.60
4210.28,2313.87,2.60
4210.28,2313.87,2.61
4210.28,2313.87,2.61
4210.28,2313.87,2.62
4210.28,2313.87,2.62
4210.28,2313.87,2.62
4210.28,2313.87,2.62
4210.28,2313.87,2.62
4210.28,2313.87,2.63
4210.28,2313.87,2.63
4186.54,2313.87,2.63
4186.54,2313.87,2.63
4186.54,2313.87,2.63
4186.54,2313.87,2.63
4210.28,2315.81,2.63
4240.27,2315.81,2.63
4186.57,2313.87,2.63
4186.54,2290.82,2.63
4178.78,2290.73,2.63
4171.38,2286.94,2.63
4171.38,2281.42,2.63
4171.38,2281.42,2.63
4178.78,2281.42,2.63
4186.54,2281.42,2.63
4186.57,2286.94,2.63
4194.86,2290.73,2.63
4240.27,2290.82,2.63
4241.24,2313.87,2.62
4247.38,2315.81,2.62
4310.71,2330.00,2.62
4310.71,2335.69,2.61
4310.71,2335.69,2.61
4310.71,2335.69,2.61
4310.71,2335.69,2.61
4310.71,2335.69,2.61
4345.82,2337.91,2.61
4367.99,2343.94,2.61
4371.53,2352.92,2.60
4373.24,2358.43,2.60
4374.12,2378.47,2.59
4383.67,2406.31,2.59
4385.68,2425.52,2.58
4436.10,2426.83,2.58
4436.10,2429.15,2.58
4436.10,2471.36,2.57
4436.10,2507.63,2.57
4436.10,2538.03,2.57
4428.94,2538.14,2.57
4427.78,2538.14,2.56
4425.37,2538.03,2.56
4420.70,2525.93,2.56
4420.18,2509.04,2.56
4420.18,2509.04,2.56
4420.18,2509.04,2.56
4420.18,2509.04,2.56
4420.18,2509.04,2.56
4420.18,2509.04,2.56
4420.18,2509.04,2.56
4420.18,2509.04,2.55
4420.18,2509.04,2.55
4420.70,2525.93,2.55
4425.24,2529.82,2.55
4425.37,2534.18,2.55
4427.78,2536.19,2.56
4428.94,2538.03,2.56
4436.10,2538.14,2.56
4445.13,2541.00,2.56
4474.85,2545.27,2.56
4475.94,2548.69,2.56
4483.44,2548.75,2.56
4485.76,2551.78,2.56
4494.10,2556.23,2.56
4496.79,2559.93,2.56
4498.26,2563.25,2.56
4502.76,2567.35,2.56
4525.49,2571.06,2.56
4525.49,2577.27,2.56
4525.49,2580.95,2.56
4525.49,2587.75,2.56
4525.49,2611.08,2.56
4525.49,2614.94,2.56
4550.07,2615.91,2.55
4626.81,2616.12,2.55
4663.88,2621.90,2.55
4673.98,2632.22,2.55
4694.99,2638.39,2.55
4697.52,2641.72,2.55
4697.52,2643.88,2.55
4694.99,2643.88,2.55
4673.98,2638.39,2.55
4626.81,2635.86,2.55
4626.81,2632.22,2.55
4694.99,2621.90,2.56
4697.52,2621.65,2.56
4709.30,2621.90,2.56
4722.84,2632.22,2.56
4738.79,2635.86,2.56
4738.80,2638.39,2.56
4751.97,2650.42,2.57
4772.63,2655.82,2.57
4779.76,2657.79,2.57
4782.15,2658.96,2.57
4784.04,2660.16,2.57
4784.20,2660.88,2.58
4784.20,2660.88,2.58
4784.20,2660.88,2.58
4784.20,2660.88,2.59
4784.20,2660.88,2.59
4784.20,2660.88,2.59
4784.20,2660.88,2.59
4795.30,2661.51,2.60
4801.65,2662.19,2.60
4805.66,2665.25,2.59
4806.76,2665.25,2.59
4806.76,2665.25,2.59
4805.66,2665.25,2.59
4801.65,2662.19,2.59
4795.30,2661.51,2.59
4784.20,2660.88,2.59
4784.04,2660.16,2.59
4782.15,2660.16,2.59
4782.15,2660.16,2.60
4782.15,2655.82,2.60
4782.15,2650.42,2.60
4782.15,2644.25,2.60
4779.76,2644.25,2.60
4779.76,2645.69,2.60
4784.04,2655.82,2.61
4795.30,2660.16,2.61
4784.04,2660.16,2.62
4779.46,2660.16,2.62
4778.47,2655.82,2.62
4750.26,2645.69,2.62
4738.80,2644.73,2.63
4735.04,2644.25,2.63
4729.24,2640.94,2.63
4728.84,2635.86,2.63
4719.10,2635.68,2.63
4719.10,2634.47,2.63
4719.10,2621.65,2.63
4719.10,2621.65,2.63
4719.10,2621.65,2.63
4724.09,2621.65,2.63
4728.84,2634.47,2.63
4728.84,2635.68,2.63
4728.84,2635.68,2.63
4728.84,2634.47,2.62
4724.09,2613.59,2.62
4719.10,2596.55,2.62
4718.17,2595.96,2.62
4717.99,2593.84,2.62
4713.59,2590.57,2.62
4684.85,2590.57,2.61
4684.85,2590.57,2.61
4684.85,2590.57,2.61
4684.85,2590.57,2.60
4713.59,2590.57,2.60
4713.59,2595.96,2.60
4713.59,2596.55,2.60
4713.59,2606.29,2.60
4706.96,2613.59,2.60
4684.85,2613.59,2.60
4684.85,2613.59,2.60
4684.85,2613.59,2.60
4684.85,2613.59,2.60
4684.85,2613.59,2.60
4684.85,2613.59,2.60
4684.85,2613.59,2.60
4706.96,2634.47,2.59
4717.99,2640.94,2.58
4718.17,2644.73,2.58
4719.10,2645.69,2.58
4722.90,2658.94,2.57
4724.09,2659.21,2.57
4729.24,2661.39,2.57
4735.04,2672.92,2.57
4771.38,2678.35,2.57
4771.38,2678.35,2.57
4771.38,2678.35,2.57
4735.04,2687.04,2.57
4724.09,2699.64,2.57
4723.29,2699.64,2.57
4723.29,2699.64,2.57
4723.29,2699.64,2.57
4723.29,2699.64,2.57
4723.29,2699.64,2.57
4723.29,2699.64,2.57
4724.09,2699.64,2.57
4727.18,2699.64,2.58
4771.38,2699.64,2.58
4778.66,2699.64,2.58
4793.76,2699.64,2.58
4799.47,2699.64,2.58
4799.47,2699.64,2.58
4793.76,2699.64,2.58
4778.66,2687.04,2.58
4771.38,2678.35,2.58
4727.18,2678.35,2.58
4727.18,2678.35,2.58
4759.96,2683.41,2.59
4778.66,2687.04,2.59
4793.76,2699.64,2.60
4799.47,2702.23,2.60
4799.47,2702.23,2.60
4793.76,2699.64,2.60
4778.66,2687.04,2.60
4759.96,2683.41,2.60
4727.18,2678.35,2.60
4727.18,2659.21,2.60
4727.18,2659.21,2.59
4727.18,2624.38,2.58
4727.18,2624.38,2.58
4727.18,2624.38,2.58
4727.18,2614.92,2.58
4723.29,2606.83,2.58
4723.29,2604.30,2.58
4723.29,2604.30,2.58
4723.29,2604.30,2.59
4723.29,2604.30,2.61
4723.29,2604.30,2.61
4723.29,2604.30,2.61
4723.29,2604.30,2.61
4723.29,2604.30,2.61
4723.29,2604.30,2.61
4706.32,2604.30,2.61
4706.32,2604.30,2.62
4706.32,2604.30,2.62
4706.32,2604.30,2.62
4706.32,2604.30,2.62
4698.68,2598.90,2.62
4688.75,2570.07,2.62
4688.75,2565.95,2.62
4688.75,2565.50,2.62
4688.75,2565.50,2.62
4688.75,2565.50,2.62
4688.75,2565.50,2.62
4688.75,2565.50,2.62
4688.75,2565.50,2.62
4652.74,2565.50,2.62
4626.96,2565.50,2.62
4626.58,2565.50,2.62
4607.05,2565.50,2.62
4607.05,2565.50,2.62
4589.88,2565.95,2.62
4567.37,2565.95,2.62
4567.37,2565.95,2.62
4567.37,2565.95,2.62
4567.37,2565.95,2.62
4589.88,2565.95,2.62
4598.94,2565.95,2.62
4598.94,2565.95,2.62
4598.94,2565.95,2.62
4598.94,2565.95,2.62
4598.94,2565.95,2.62
4607.05,2583.03,2.62
4624.94,2587.59,2.62
4626.58,2587.59,2.62
4626.96,2587.59,2.62
4652.74,2598.90,2.63
4688.75,2604.30,2.63
4706.32,2606.83,2.63
4728.31,2610.11,2.63
4737.83,2610.11,2.63
4740.70,2610.11,2.63
4749.77,2610.11,2.63
4760.83,2611.96,2.63
4775.31,2614.62,2.63
4785.09,2617.56,2.63
4785.09,2617.56,2.63
4785.09,2617.56,2.62
4785.09,2617.56,2.62
4785.09,2617.56,2.62
4785.09,2617.56,2.62
4785.09,2617.56,2.62
4799.32,2617.56,2.62
4808.76,2617.56,2.62
4811.18,2617.56,2.62
4850.34,2617.56,2.62
4838.11,2617.56,2.62
4840.20,2617.56,2.61
4862.85,2628.29,2.61
4879.71,2629.18,2.61
4879.74,2631.16,2.61
4881.10,2634.13,2.61
4906.70,2641.54,2.61
4924.31,2655.89,2.61
4942.38,2686.35,2.61
4942.38,2691.54,2.61
4942.38,2700.87,2.61
4942.38,2703.70,2.61
4942.38,2703.70,2.61
4942.38,2703.70,2.61
4942.38,2703.70,2.61
4942.38,2703.70,2.61
4942.38,2712.89,2.60
4942.38,2715.30,2.60
4942.38,2716.44,2.60
4942.38,2719.88,2.60
4942.38,2722.03,2.60
4942.38,2722.03,2.60
4942.38,2722.03,2.60
4924.31,2722.03,2.60
4906.70,2722.03,2.60
4900.80,2719.88,2.60
4881.10,2716.44,2.60
4881.10,2716.44,2.60
4881.10,2716.44,2.61
4881.10,2716.44,2.61
4881.10,2716.44,2.61
4881.10,2716.44,2.61
4879.74,2716.44,2.61
4878.37,2716.44,2.61
4851.47,2716.44,2.61
4850.47,2716.44,2.61
4840.20,2716.44,2.61
4838.11,2716.44,2.61
4837.11,2716.44,2.61
4816.85,2716.44,2.61
4813.13,2715.30,2.61
4804.29,2703.70,2.61
4794.52,2701.48,2.61
4787.81,2672.58,2.61
4770.35,2671.12,2.61
4756.88,2670.73,2.61
4722.70,2661.63,2.61
4714.21,2656.79,2.61
4706.33,2656.10,2.60
4702.01,2655.00,2.61
4702.01,2638.34,2.61
4702.01,2638.34,2.61
4702.01,2638.34,2.61
4698.26,2633.84,2.61
4679.34,2630.80,2.61
4678.01,2630.63,2.61
4676.99,2616.08,2.62
4676.99,2615.16,2.62
4676.99,2613.13,2.62
4656.33,2610.90,2.62
4655.69,2609.99,2.62
4652.42,2609.77,2.62
4641.29,2608.59,2.62
4634.98,2606.07,2.62
4634.98,2601.34,2.62
4634.88,2594.55,2.62
4631.99,2566.40,2.62
4624.97,2547.26,2.62
4622.28,2545.69,2.62
4621.35,2542.07,2.62
4615.43,2533.63,2.62
4605.25,2528.64,2.62
4585.45,2525.71,2.62
4561.20,2516.29,2.62
4521.97,2514.58,2.62
4514.77,2494.51,2.62
4480.06,2485.97,2.62
4445.47,2472.76,2.62
4445.47,2469.70,2.62
4445.47,2469.29,2.62
4445.47,2454.04,2.63
4445.47,2433.73,2.63
4445.47,2433.73,2.63
4445.47,2433.73,2.63
4445.47,2433.73,2.63
4445.47,2433.73,2.63
4445.47,2433.73,2.63
4445.47,2433.73,2.63
4445.47,2433.73,2.63
4426.28,2424.00,2.64
4420.46,2421.44,2.64
4386.75,2417.72,2.64
4356.85,2409.05,2.64
4336.16,2400.34,2.64
4336.16,2387.99,2.64
4336.16,2372.69,2.64
4336.16,2372.35,2.64
4336.16,2372.35,2.64
4336.16,2372.35,2.64
4330.99,2359.70,2.64
4330.99,2344.94,2.64
4330.99,2344.94,2.64
4330.99,2344.94,2.64
4330.99,2344.94,2.64
4330.99,2344.94,2.64
4330.99,2344.94,2.64
4330.99,2344.94,2.64
4330.99,2344.94,2.64
4325.42,2344.94,2.64
4319.96,2324.74,2.64
4305.52,2315.31,2.64
4288.55,2313.02,2.64
4286.02,2306.99,2.64
4286.02,2306.99,2.64
4288.55,2313.02,2.64
4305.52,2315.31,2.64
4319.96,2335.77,2.64
4319.96,2344.94,2.64
4319.96,2357.13,2.64
4319.96,2359.70,2.64
4288.55,2364.30,2.64
4288.55,2364.30,2.64
4288.55,2365.63,2.64
4314.63,2365.63,2.64
4314.63,2365.63,2.64
4314.63,2365.63,2.65
4314.63,2365.63,2.65
4314.63,2365.63,2.65
4314.63,2365.63,2.64
4288.55,2364.30,2.64
4237.07,2357.13,2.64
4219.47,2335.77,2.64
4216.23,2313.02,2.64
4204.85,2306.99,2.64
4157.94,2296.63,2.64
4142.63,2269.65,2.63
4142.63,2269.65,2.63
4142.63,2269.65,2.63
4142.63,2269.65,2.63
4142.63,2269.65,2.63
4142.63,2269.65,2.63
4157.94,2296.63,2.62
4204.85,2313.02,2.62
4216.23,2335.77,2.62
4219.47,2357.13,2.62
4237.07,2364.30,2.62
4251.08,2365.63,2.62
4251.08,2376.21,2.62
4251.08,2376.47,2.62
4251.08,2376.47,2.62
4251.08,2376.47,2.62
4237.07,2376.47,2.62
4219.47,2376.21,2.62
4216.23,2374.34,2.62
4188.31,2365.63,2.62
4157.94,2364.30,2.62
4157.83,2357.13,2.62
4157.17,2335.77,2.62
4157.17,2304.95,2.62
4157.17,2296.63,2.62
4157.83,2304.95,2.62
4157.94,2309.46,2.62
4188.31,2335.77,2.62
4201.64,2341.06,2.63
4201.64,2350.97,2.63
4201.64,2341.06,2.63
4201.64,2338.33,2.62
4201.64,2338.33,2.62
4201.64,2338.33,2.62
4219.47,2338.33,2.62
4251.08,2338.33,2.62
4304.17,2334.76,2.62
4304.17,2334.76,2.62
4304.17,2334.76,2.62
4304.17,2338.33,2.61
4341.16,2338.33,2.61
4369.96,2338.33,2.60
4369.96,2338.33,2.60
4369.96,2340.09,2.60
4369.96,2341.06,2.60
4369.96,2350.37,2.60
4369.96,2350.37,2.60
4369.96,2350.97,2.59
4369.96,2353.39,2.59
4372.43,2353.39,2.59
4372.58,2355.08,2.59
4374.55,2357.64,2.59
4374.55,2357.64,2.58
4372.58,2355.08,2.57
4372.43,2353.39,2.57
4369.96,2352.75,2.57
4341.72,2350.97,2.57
4341.16,2350.37,2.56
4313.55,2350.32,2.56
4307.90,2348.64,2.56
4304.17,2341.06,2.56
4251.08,2340.09,2.56
4250.63,2338.33,2.56
4250.63,2334.76,2.56
4250.63,2331.13,2.55
4250.63,2328.72,2.55
4250.63,2328.72,2.55
4250.63,2328.72,2.54
4250.63,2328.72,2.54
4250.63,2328.72,2.54
4250.63,2328.72,2.54
4250.63,2328.72,2.54
4250.63,2328.72,2.53
4250.63,2328.72,2.53
4250.63,2328.72,2.53
4220.88,2328.72,2.52
4214.36,2328.72,2.51
4158.04,2319.47,2.50
4133.19,2319.23,2.50
4126.00,2318.42,2.50
4118.79,2276.24,2.49
4028.86,2267.99,2.48
3909.75,2267.99,2.47
3858.90,2267.99,2.46
3822.72,2267.99,2.46
3801.88,2267.99,2.45
3801.88,2267.99,2.45
3801.88,2267.99,2.45
3801.88,2267.99,2.44
3801.88,2267.99,2.43
3798.14,2267.99,2.43
3792.78,2267.99,2.43
3791.68,2267.99,2.43
3788.51,2267.99,2.42
3788.51,2267.99,2.42
3788.51,2267.99,2.42
3788.51,2267.99,2.42
3788.51,2267.99,2.42
3788.51,2267.99,2.42
3788.51,2267.99,2.42
3788.51,2267.99,2.42
3788.51,2267.99,2.42
3788.51,2267.99,2.42
3788.51,2267.99,2.42
3788.51,2267.99,2.42
3788.51,2267.99,2.42
3788.51,2267.99,2.42
3788.51,2280.48,2.42
3788.51,2285.95,2.42
3788.51,2295.30,2.42
3788.51,2306.16,2.42
3788.51,2313.95,2.42
3790.67,2315.91,2.42
3791.68,2320.12,2.42
3792.78,2332.42,2.42
3798.14,2342.56,2.42
3804.00,2343.38,2.42
3807.13,2343.76,2.43
3810.26,2345.71,2.43
3828.97,2346.07,2.43
3831.78,2349.95,2.44
3870.42,2363.05,2.45
3955.09,2389.11,2.45
4080.00,2434.50,2.46
4164.84,2460.99,2.46
4225.60,2463.32,2.48
4225.60,2466.15,2.49
4225.60,2468.60,2.49
4225.60,2468.60,2.49
4225.60,2468.60,2.49
4225.60,2468.60,2.49
4225.60,2468.60,2.49
4225.60,2468.60,2.49
4225.60,2468.60,2.50
4225.60,2468.60,2.50
4235.12,2468.60,2.50
4240.91,2468.60,2.50
4244.66,2468.60,2.51
4247.57,2468.60,2.51
4250.14,2468.60,2.51
4250.41,2468.60,2.51
4250.41,2468.60,2.51
4250.41,2468.60,2.51
4250.41,2468.60,2.52
4250.41,2468.60,2.52
4250.41,2468.60,2.53
4250.41,2468.60,2.53
4250.41,2468.60,2.53
4250.41,2468.60,2.54
4250.41,2468.60,2.54
4250.41,2468.60,2.54
4250.47,2466.15,2.54
4280.32,2460.99,2.55
4301.20,2460.99,2.55
4313.51,2460.99,2.55
4317.87,2466.15,2.55
4325.90,2479.53,2.55
4328.27,2479.53,2.55
4329.82,2479.53,2.55
4335.85,2479.53,2.55
4351.53,2479.53,2.55
4370.64,2479.53,2.55
4373.09,2479.53,2.55
4379.29,2479.53,2.55
4379.29,2479.53,2.55
4379.29,2479.53,2.55
4379.29,2479.53,2.55
4379.29,2479.53,2.55
4375.51,2479.53,2.55
4370.64,2479.53,2.55
4329.82,2479.53,2.55
4325.90,2479.53,2.55
4325.90,2479.53,2.55
4325.90,2479.53,2.55
4325.90,2479.53,2.56
4325.90,2479.53,2.57
4329.82,2479.53,2.57
4370.64,2479.53,2.57
4375.51,2509.20,2.57
4393.95,2509.71,2.56
4408.70,2509.97,2.55
4465.17,2533.63,2.55
4466.12,2542.30,2.54
4485.13,2596.01,2.54
4492.47,2600.23,2.54
4495.16,2609.81,2.53
4510.04,2616.51,2.53
4520.88,2630.29,2.53
4537.48,2632.91,2.53
4560.98,2649.37,2.53
4567.56,2650.96,2.53
4572.53,2660.62,2.53
4572.53,2663.08,2.53
4572.53,2663.08,2.53
4572.53,2663.08,2.53
4572.53,2663.08,2.53
4572.53,2663.08,2.53
4572.53,2663.08,2.53
4572.53,2663.08,2.53
4572.53,2663.08,2.53
4593.34,2663.08,2.53
4599.52,2663.08,2.53
4604.78,2663.08,2.53
4607.41,2663.08,2.53
4607.41,2663.08,2.53
4607.41,2663.08,2.53
4604.78,2660.62,2.53
4599.52,2659.15,2.53
4593.34,2650.96,2.53
4572.53,2649.37,2.53
4567.56,2648.17,2.53
4567.56,2632.91,2.53
4567.56,2630.29,2.53
4567.56,2627.48,2.53
4560.98,2619.61,2.53
4548.38,2609.81,2.53
4515.11,2600.23,2.53
4495.16,2598.62,2.53
4495.16,2597.53,2.53
4495.16,2597.53,2.53
4495.16,2597.53,2.53
4495.16,2597.53,2.53
4495.16,2597.53,2.53
4495.16,2597.53,2.53
4485.13,2538.71,2.53
4422.57,2496.31,2.53
4388.70,2463.98,2.53
4230.43,2456.99,2.53
4217.56,2351.33,2.53
4116.24,2310.33,2.53
4096.22,2260.96,2.53
4089.65,2233.66,2.53
4071.60,2208.81,2.52
3822.18,2157.87,2.52
3822.18,2157.87,2.52
3822.18,2157.87,2.53
3822.18,2157.87,2.53
3822.18,2157.87,2.53
3822.18,2157.87,2.53
3822.18,2157.87,2.53
3822.18,2157.87,2.53
3822.18,2157.87,2.53
3822.18,2157.87,2.53
3822.18,2157.87,2.54
3822.18,2157.87,2.54
3822.18,2157.87,2.54
3822.18,2157.87,2.54
3822.18,2157.87,2.55
3822.18,2157.87,2.55
3822.18,2157.87,2.56
3822.18,2157.87,2.56
3822.18,2157.87,2.56
3822.18,2157.87,2.56
3822.18,2157.87,2.56
3822.18,2157.87,2.56
3822.18,2157.87,2.56
3822.18,2157.87,2.56
3822.18,2157.87,2.56
3822.18,2157.87,2.56
4043.53,2281.74,2.58
4308.62,2402.00,2.59
4334.74,2404.25,2.59
4365.94,2410.30,2.59
4370.70,2415.99,2.59
4376.99,2424.95,2.59
4397.65,2433.77,2.59
4399.29,2440.56,2.59
4399.86,2461.97,2.59
4448.86,2462.59,2.59
4483.45,2470.65,2.59
4494.72,2472.46,2.59
4496.70,2500.07,2.59
4513.95,2515.27,2.59
4513.95,2517.54,2.59
4513.95,2522.87,2.59
4513.95,2522.87,2.59
4513.95,2522.87,2.59
4513.95,2522.87,2.59
4513.95,2522.87,2.59
4513.95,2522.87,2.59
4513.95,2522.87,2.59
4513.95,2522.87,2.59
4513.95,2522.87,2.59
4513.95,2522.87,2.59
4513.95,2522.87,2.60
4513.95,2522.87,2.60
4496.70,2522.87,2.61
4494.72,2517.54,2.61
4490.65,2515.27,2.61
4483.45,2506.98,2.60
4448.86,2500.07,2.60
4440.71,2472.46,2.60
4408.62,2470.65,2.60
4399.86,2462.59,2.60
4399.29,2440.56,2.59
4397.65,2433.77,2.59
4397.65,2431.56,2.59
4399.86,2433.77,2.59
4408.62,2434.53,2.59
4408.62,2434.53,2.59
4408.62,2434.53,2.59
4408.62,2434.53,2.59
4408.62,2434.53,2.59
4408.62,2434.53,2.58
4408.62,2434.53,2.58
4408.62,2434.53,2.58
4408.62,2434.53,2.57
4440.71,2448.97,2.56
4483.45,2460.65,2.56
4490.65,2470.65,2.55
4513.95,2474.33,2.54
4529.06,2490.68,2.54
4529.06,2490.68,2.54
4529.06,2490.68,2.54
4529.06,2490.68,2.54
4529.06,2490.68,2.54
4529.06,2490.68,2.54
4529.06,2490.68,2.54
4529.06,2490.68,2.54
4529.06,2490.68,2.54
4529.06,2490.68,2.54
4529.06,2490.68,2.54
4529.06,2490.68,2.54
4534.14,2490.68,2.54
4541.79,2490.68,2.54
4541.79,2490.68,2.54
4541.79,2490.68,2.54
4541.79,2508.30,2.54
4541.79,2517.33,2.54
4541.79,2535.12,2.54
4541.79,2535.37,2.54
4541.79,2566.55,2.54
4545.60,2569.19,2.53
4561.49,2572.45,2.53
4565.31,2575.74,2.52
4569.98,2576.50,2.52
4569.98,2576.50,2.51
4569.98,2578.03,2.51
4569.98,2578.03,2.51
4569.98,2578.03,2.51
4569.98,2578.03,2.51
4569.98,2578.03,2.51
4569.98,2578.03,2.51
4569.98,2578.03,2.51
4569.98,2578.03,2.51
4569.98,2578.03,2.51
4569.98,2578.06,2.51
4569.98,2579.71,2.50
4565.31,2580.49,2.50
4561.49,2581.48,2.50
4545.60,2582.46,2.50
4541.79,2585.19,2.50
4534.14,2589.60,2.50
4529.06,2590.65,2.50
4513.99,2592.37,2.50
4513.99,2594.57,2.50
4513.99,2597.46,2.50
4510.91,2602.63,2.50
4504.35,2602.79,2.50
4501.36,2602.63,2.50
4498.09,2594.57,2.50
4494.33,2592.37,2.50
4491.70,2592.37,2.51
4491.70,2592.37,2.51
4491.70,2592.37,2.51
4491.70,2592.37,2.51
4491.70,2592.37,2.51
4491.70,2592.37,2.51
4491.70,2592.37,2.51
4491.70,2592.37,2.51
4491.70,2592.37,2.51
4491.70,2592.37,2.51
4491.70,2592.37,2.51
4491.70,2592.37,2.51
4491.04,2584.50,2.51
4488.31,2582.46,2.51
4475.87,2581.48,2.51
4475.87,2545.56,2.51
4488.31,2543.21,2.51
4491.04,2540.77,2.51
4491.70,2540.77,2.51
4494.33,2540.77,2.51
4494.33,2540.77,2.51
4494.33,2540.77,2.51
4494.33,2540.77,2.51
4494.33,2540.77,2.52
4494.33,2540.77,2.52
4494.33,2540.77,2.52
4498.09,2540.77,2.52
4498.09,2543.21,2.52
4498.09,2545.56,2.52
4498.09,2581.42,2.52
4498.09,2581.42,2.52
4498.09,2581.42,2.53
4498.09,2581.42,2.53
4498.09,2581.42,2.53
4498.09,2581.42,2.53
4504.35,2543.21,2.53
4508.96,2540.93,2.53
4508.96,2540.77,2.53
4508.96,2524.26,2.53
4508.96,2513.59,2.53
4508.96,2511.98,2.53
4508.96,2506.67,2.53
4508.96,2494.93,2.53
4508.96,2490.81,2.53
4491.06,2488.65,2.53
4487.73,2487.29,2.53
4487.73,2484.34,2.53
4487.73,2470.82,2.54
4491.06,2470.82,2.54
4508.96,2470.82,2.54
4514.04,2470.82,2.55
4514.04,2470.13,2.55
4514.04,2470.13,2.55
4491.06,2470.13,2.55
4487.73,2470.13,2.55
4478.30,2470.13,2.55
4462.92,2470.13,2.55
4455.56,2470.13,2.55
4448.37,2467.45,2.57
4410.51,2463.57,2.57
4410.51,2463.57,2.57
4410.51,2463.57,2.57
4410.51,2463.57,2.57
4410.51,2467.45,2.57
4421.22,2470.13,2.57
4421.22,2475.44,2.57
4454.18,2475.44,2.57
4454.18,2475.44,2.57
4454.18,2475.44,2.57
4454.18,2475.44,2.57
4421.22,2475.44,2.57
4410.51,2467.45,2.57
4409.27,2463.57,2.58
4399.19,2463.23,2.58
4383.20,2456.85,2.59
4378.10,2446.98,2.59
4359.40,2438.93,2.59
4327.13,2428.61,2.59
4327.13,2426.02,2.59
4327.13,2426.02,2.59
4327.13,2426.02,2.59
4359.40,2426.02,2.59
4378.10,2426.02,2.59
4399.19,2426.02,2.59
4399.19,2426.02,2.59
4399.19,2426.02,2.59
4399.19,2426.02,2.58
4399.19,2426.02,2.57
4404.29,2428.61,2.57
4409.27,2456.85,2.57
4421.22,2475.44,2.57
4454.18,2491.32,2.56
4462.92,2491.40,2.56
4478.30,2500.67,2.56
4482.33,2515.87,2.56
4488.89,2549.64,2.56
4489.42,2550.59,2.56
4509.42,2582.00,2.56
4517.55,2589.28,2.56
4517.55,2608.22,2.56
4517.55,2616.95,2.56
4517.55,2626.96,2.56
4518.56,2634.03,2.56
4532.60,2636.28,2.55
4548.78,2638.50,2.55
4548.78,2644.68,2.55
4548.78,2669.53,2.55
4548.78,2669.53,2.55
4548.78,2669.53,2.55
4555.30,2669.53,2.54
4559.98,2669.53,2.54
4563.22,2669.53,2.54
4571.34,2675.06,2.54
4580.60,2682.03,2.54
4601.06,2684.85,2.54
4601.76,2684.85,2.54
4601.76,2687.09,2.54
4601.76,2688.49,2.53
4601.76,2688.49,2.53
4601.76,2688.49,2.53
4601.76,2688.49,2.53
4601.76,2688.49,2.53
4601.76,2688.49,2.53
4601.76,2688.49,2.53
4601.76,2688.49,2.52
4601.76,2688.49,2.52
4601.76,2688.49,2.52
4601.76,2688.49,2.52
4601.76,2688.49,2.52
4601.76,2688.49,2.52
4601.06,2688.49,2.52
4580.60,2688.49,2.52
4571.34,2688.49,2.52
4568.89,2687.09,2.52
4563.22,2684.85,2.52
4559.98,2682.03,2.52
4555.30,2680.54,2.52
4555.30,2675.93,2.52
4545.91,2675.06,2.52
4543.27,2655.98,2.51
4541.55,2652.33,2.51
4540.96,2643.85,2.51
4496.04,2626.89,2.51
4436.18,2622.49,2.51
4379.51,2616.26,2.51
4378.02,2611.85,2.51
4375.81,2605.91,2.51
4352.37,2597.12,2.51
4346.32,2581.80,2.51
4334.07,2562.18,2.51
4328.04,2560.28,2.51
4324.84,2556.44,2.51
4323.99,2545.55,2.51
4267.33,2463.18,2.51
4229.19,2346.01,2.52
4209.48,2340.40,2.52
4185.16,2339.94,2.53
4110.34,2337.70,2.53
4107.00,2334.80,2.53
4107.00,2334.80,2.54
4107.00,2334.80,2.54
4107.00,2334.80,2.54
4107.00,2334.80,2.54
4107.00,2334.80,2.54
4107.00,2334.80,2.54
4107.00,2334.80,2.54
4107.00,2334.80,2.56
4107.00,2334.80,2.56
4107.00,2334.80,2.56
4107.00,2334.80,2.57
4107.00,2334.80,2.57
4107.00,2334.80,2.57
4107.00,2334.80,2.57
4107.00,2334.80,2.57
4107.00,2334.80,2.57
4107.00,2334.80,2.58
4107.00,2334.80,2.58
4107.00,2334.80,2.58
4096.55,2334.01,2.58
4095.24,2313.27,2.58
4095.24,2309.77,2.58
4095.24,2309.77,2.58
4095.24,2309.77,2.58
4095.24,2309.77,2.58
4095.24,2309.77,2.58
4095.24,2309.77,2.58
4095.24,2309.77,2.58
4095.24,2309.77,2.58
4095.24,2309.77,2.58
4095.24,2309.77,2.58
4095.24,2309.77,2.58
4094.39,2309.77,2.58
4094.39,2313.27,2.58
4094.39,2334.01,2.58
4094.39,2334.80,2.58
4096.55,2337.70,2.58
4107.00,2339.94,2.58
4110.34,2340.40,2.58
4196.88,2377.20,2.58
4254.19,2378.90,2.58
4280.83,2381.15,2.58
4310.96,2397.84,2.58
4317.39,2407.59,2.58
4352.39,2410.60,2.58
4352.39,2436.40,2.58
4352.39,2450.44,2.58
4363.60,2473.38,2.58
4372.45,2473.38,2.58
4372.45,2473.38,2.58
4372.45,2473.38,2.58
4372.45,2473.38,2.58
4363.60,2450.44,2.58
4352.39,2436.40,2.59
4340.58,2426.99,2.59
4340.58,2426.99,2.59
4340.58,2426.99,2.59
4352.39,2436.40,2.59
4363.60,2446.64,2.59
4363.60,2446.64,2.59
4340.58,2446.64,2.59
4330.94,2436.40,2.59
4329.78,2426.99,2.59
4321.33,2418.52,2.59
4317.39,2388.08,2.59
4289.60,2378.90,2.59
4282.17,2339.10,2.59
4254.19,2327.37,2.59
4236.19,2300.53,2.59
4229.94,2282.77,2.59
4229.94,2266.34,2.58
4229.94,2266.34,2.58
4229.94,2266.34,2.58
4229.94,2266.34,2.57
4229.94,2266.34,2.57
4236.19,2282.77,2.57
4254.19,2327.37,2.57
4282.17,2339.10,2.57
4289.60,2374.07,2.57
4321.33,2388.08,2.57
4329.78,2418.52,2.58
4330.94,2426.99,2.58
4340.58,2436.40,2.58
4363.60,2446.64,2.58
4372.45,2476.21,2.58
4372.45,2476.21,2.58
4372.45,2476.21,2.58
4372.45,2476.21,2.58
4372.45,2476.21,2.58
4372.45,2476.21,2.58
4372.45,2476.21,2.58
4372.45,2476.21,2.58
4372.45,2476.21,2.58
4372.45,2476.21,2.58
4372.45,2476.21,2.57
4378.73,2476.21,2.57
4387.09,2476.21,2.57
4394.23,2476.21,2.57
4394.71,2503.33,2.57
4400.38,2510.38,2.57
4404.19,2512.20,2.57
4409.44,2514.94,2.57
4415.20,2519.82,2.57
4420.30,2542.58,2.57
4438.71,2543.15,2.57
4447.85,2550.18,2.57
4455.52,2561.50,2.57
4455.52,2561.50,2.57
4455.52,2561.50,2.56
4447.85,2561.50,2.55
4447.85,2561.50,2.55
4447.85,2561.50,2.55
4447.85,2561.50,2.55
4447.85,2561.50,2.54
4447.85,2561.50,2.53
4447.85,2561.50,2.53
4447.85,2561.50,2.52
4447.85,2561.50,2.52
4447.85,2561.50,2.52
4447.85,2561.50,2.52
4447.85,2561.50,2.52
4447.85,2561.50,2.52
4447.85,2561.50,2.52
4447.85,2561.50,2.52
4447.85,2561.50,2.52
4447.85,2561.50,2.52
4438.71,2561.50,2.52
4420.30,2558.31,2.52
4415.20,2550.18,2.51
4409.44,2542.58,2.51
4407.33,2519.82,2.50
4404.19,2516.63,2.50
4400.38,2516.63,2.49
4400.38,2516.63,2.49
4394.23,2481.54,2.49
4359.84,2476.75,2.49
4346.94,2476.01,2.49
4318.43,2470.76,2.48
4289.04,2466.54,2.48
4271.69,2466.10,2.47
4269.39,2465.85,2.47
4263.87,2458.02,2.47
4258.51,2452.11,2.47
4214.10,2440.67,2.47
4187.09,2431.53,2.47
4143.73,2430.74,2.47
4113.40,2430.16,2.47
4108.10,2428.07,2.46
4096.28,2426.33,2.45
4083.14,2422.45,2.45
4082.14,2421.23,2.44
4046.44,2417.80,2.44
4046.44,2416.51,2.44
4046.44,2413.46,2.44
4046.44,2413.46,2.44
4046.44,2413.46,2.44
4046.44,2413.46,2.44
4046.44,2413.46,2.44
4046.44,2413.46,2.44
4046.44,2413.46,2.44
4046.44,2413.46,2.44
4046.44,2413.08,2.44
4041.32,2408.02,2.44
4023.86,2407.14,2.43
4022.54,2401.42,2.43
4006.99,2398.57,2.43
4006.87,2392.11,2.43
4006.87,2392.11,2.43
4006.87,2392.11,2.43
4006.87,2392.11,2.43
4006.87,2392.11,2.43
4006.87,2392.11,2.43
4006.87,2398.57,2.44
4006.87,2401.42,2.44
4006.99,2407.14,2.45
4022.54,2410.61,2.46
4023.86,2410.61,2.46
4046.44,2410.61,2.47
4083.14,2407.14,2.48
4096.28,2401.42,2.49
4108.10,2388.68,2.49
4113.40,2387.42,2.49
4116.01,2388.68,2.49
4191.65,2407.14,2.49
4261.97,2410.61,2.49
4261.97,2410.61,2.49
4261.97,2410.61,2.49
4261.97,2410.61,2.50
4261.97,2387.42,2.52
4261.97,2378.61,2.53
4266.31,2378.61,2.53
4343.83,2378.61,2.53
4352.94,2378.61,2.53
4364.55,2378.61,2.54
4373.71,2378.61,2.54
4381.63,2387.42,2.56
4381.63,2410.61,2.56
4381.63,2418.47,2.56
4381.63,2420.33,2.57
4406.26,2425.80,2.57
4415.99,2440.55,2.58
4420.15,2443.47,2.58
4437.09,2444.45,2.58
4442.01,2454.35,2.59
4466.38,2472.01,2.59
4466.38,2472.01,2.59
4466.38,2472.01,2.59
4466.38,2472.01,2.59
4466.38,2472.01,2.59
4466.38,2472.01,2.59
4437.09,2454.35,2.59
4437.09,2444.45,2.59
4437.09,2444.45,2.59
4437.09,2444.45,2.59
4437.09,2444.45,2.59
4437.09,2444.45,2.59
4437.09,2444.45,2.59
4437.09,2444.45,2.59
4437.09,2443.47,2.59
4420.17,2440.55,2.59
4420.15,2435.91,2.59
4406.26,2425.80,2.59
4381.63,2420.33,2.59
4373.71,2418.47,2.59
4368.25,2410.61,2.59
4364.55,2395.39,2.59
4352.94,2389.83,2.59
4345.61,2389.83,2.59
4343.83,2389.83,2.59
4312.66,2389.83,2.59
4270.10,2389.83,2.59
4266.82,2389.83,2.59
4266.31,2389.83,2.59
4238.47,2375.59,2.59
4184.79,2371.07,2.59
4184.02,2335.73,2.59
4184.02,2307.59,2.59
4184.79,2307.59,2.60
4238.47,2307.59,2.60
4266.82,2307.59,2.60
4266.82,2307.59,2.59
4238.47,2277.55,2.59
4184.79,2277.25,2.58
4184.02,2243.68,2.58
4174.32,2241.67,2.57
4171.43,2241.67,2.57
4168.88,2241.67,2.57
4167.32,2237.78,2.57
4167.28,2236.76,2.57
4158.68,2232.92,2.57
4141.26,2230.94,2.57
4126.56,2219.11,2.56
4120.79,2215.77,2.56
4118.80,2210.78,2.55
4076.85,2210.25,2.55
4062.40,2207.93,2.54
4060.33,2205.51,2.54
4060.33,2205.51,2.54
4060.33,2205.51,2.54
4060.33,2205.51,2.54
4060.33,2205.51,2.54
4060.33,2205.51,2.53
4060.33,2205.51,2.52
4060.33,2205.51,2.52
4060.33,2205.51,2.52
4060.33,2205.51,2.52
4062.40,2205.51,2.52
4076.85,2207.93,2.52
4097.29,2207.93,2.52
4118.80,2207.93,2.52
4126.56,2207.93,2.52
4126.56,2187.85,2.54
4116.20,2186.19,2.54
4105.12,2186.19,2.55
4105.12,2186.19,2.56
4105.12,2186.19,2.56
4105.12,2186.19,2.56
4105.12,2186.19,2.57
4105.12,2187.85,2.57
4113.78,2195.39,2.57
4116.20,2207.93,2.58
4135.21,2237.38,2.58
4141.26,2243.68,2.58
4158.68,2252.10,2.59
4159.05,2267.24,2.59
4166.03,2277.55,2.59
4181.74,2283.15,2.59
4184.97,2289.57,2.59
4184.97,2293.90,2.59
4184.97,2299.02,2.59
4184.97,2301.80,2.59
4205.43,2308.44,2.59
4212.67,2331.00,2.59
4222.47,2338.68,2.59
4223.40,2340.11,2.59
4299.08,2346.59,2.59
4309.29,2348.47,2.59
4320.53,2376.47,2.59
4322.22,2376.92,2.59
4359.28,2384.13,2.59
4389.77,2391.75,2.59
4450.83,2424.18,2.59
4459.64,2432.00,2.59
4502.58,2440.41,2.59
4564.30,2440.44,2.59
4629.29,2442.75,2.59
4641.57,2449.65,2.59
4659.99,2450.43,2.59
4661.59,2457.92,2.59
4668.65,2464.89,2.59
4680.81,2470.03,2.59
4700.32,2477.57,2.59
4707.22,2498.81,2.59
4716.71,2501.54,2.59
4716.74,2514.70,2.59
4734.84,2514.70,2.59
4734.84,2501.54,2.59
4716.74,2498.81,2.59
4716.71,2492.17,2.59
4707.22,2477.57,2.59
4707.22,2470.03,2.59
4707.22,2470.03,2.60
4707.22,2470.03,2.60
4707.22,2470.03,2.61
4707.22,2470.03,2.61
4707.22,2470.03,2.61
4707.22,2470.03,2.61
4707.22,2470.03,2.61
4707.22,2470.03,2.61
4707.22,2470.03,2.61
4707.22,2470.03,2.61
4707.22,2470.03,2.61
4707.22,2470.03,2.61
4707.22,2470.03,2.61
4707.22,2470.03,2.61
4700.32,2470.03,2.61
4683.66,2470.03,2.61
4683.66,2470.03,2.61
4683.66,2470.03,2.61
4716.71,2470.03,2.61
4716.74,2470.03,2.61
4683.66,2470.03,2.61
4680.81,2470.03,2.61
4670.22,2469.37,2.61
4668.65,2466.04,2.61
4660.18,2457.92,2.61
4655.11,2430.24,2.61
4654.68,2409.81,2.61
4642.07,2399.47,2.61
4609.63,2371.48,2.61
4570.28,2355.19,2.61
4542.87,2351.88,2.61
4526.38,2350.53,2.61
4506.06,2345.81,2.61
4504.02,2344.96,2.61
4482.31,2341.75,2.61
4442.89,2324.32,2.61
4384.77,2317.30,2.62
4379.49,2306.54,2.62
4374.96,2294.11,2.62
4365.23,2293.75,2.62
4360.91,2267.55,2.62
4326.58,2262.55,2.63
4305.56,2252.99,2.63
4294.14,2249.89,2.63
4293.21,2248.56,2.63
4293.21,2248.56,2.63
4293.21,2248.56,2.63
4293.21,2248.56,2.63
4293.21,2248.56,2.63
4293.21,2248.56,2.63
4293.21,2248.56,2.63
4293.21,2248.56,2.63
4293.21,2249.89,2.63
4293.21,2252.99,2.63
4293.21,2262.55,2.63
4293.21,2265.12,2.63
4293.21,2267.55,2.63
4294.14,2293.75,2.63
4305.56,2294.11,2.63
4326.58,2324.32,2.63
4326.58,2324.32,2.63
4326.58,2324.32,2.63
4305.56,2324.32,2.63
4294.14,2300.15,2.63
4289.25,2293.75,2.63
4238.31,2267.55,2.63
4210.54,2265.12,2.63
4210.54,2265.12,2.63
4210.54,2265.12,2.63
4210.54,2265.12,2.63
4210.54,2265.12,2.63
4210.54,2265.12,2.63
4210.54,2265.12,2.63
4210.54,2265.12,2.63
4238.31,2265.12,2.63
4289.25,2265.12,2.63
4294.14,2265.12,2.63
4302.22,2300.15,2.63
4328.49,2314.03,2.64
4328.49,2337.05,2.64
4328.49,2337.05,2.64
4328.49,2337.05,2.64
4328.49,2337.05,2.64
4328.49,2337.05,2.64
4328.49,2337.05,2.64
4328.49,2337.05,2.64
4328.49,2338.93,2.64
4328.51,2340.78,2.64
4349.04,2348.56,2.64
4357.42,2351.31,2.64
4362.54,2352.48,2.64
4366.71,2352.48,2.64
4398.84,2352.48,2.64
4398.84,2352.48,2.64
4398.84,2352.48,2.64
4398.84,2352.48,2.63
4412.89,2352.48,2.63
4412.89,2352.48,2.63
4412.89,2351.31,2.63
4398.84,2348.56,2.63
4366.71,2344.62,2.61
4365.78,2338.93,2.61
4362.54,2337.05,2.61
4357.42,2333.92,2.61
4355.16,2314.03,2.61
4355.16,2300.15,2.61
4355.16,2261.21,2.61
4355.16,2250.72,2.61
4355.16,2250.55,2.61
4355.16,2245.75,2.60
4357.42,2240.18,2.60
4362.54,2220.06,2.60
4365.78,2200.94,2.60
4366.71,2200.94,2.60
4398.84,2200.94,2.60
4423.11,2200.94,2.60
4437.06,2200.94,2.60
4446.25,2200.82,2.60
4458.40,2184.95,2.60
4476.17,2182.67,2.59
4492.56,2173.29,2.59
4508.56,2170.05,2.59
4512.04,2170.05,2.59
4512.04,2170.05,2.59
4512.04,2170.05,2.58
4512.04,2170.05,2.58
4512.04,2170.05,2.58
4517.64,2170.05,2.58
4548.20,2170.05,2.57
4559.01,2170.05,2.57
4593.99,2170.05,2.57
4605.10,2170.05,2.57
4606.32,2170.05,2.56
4635.91,2173.29,2.56
4643.84,2184.95,2.56
4646.84,2200.82,2.56
4648.42,2200.94,2.56
4655.69,2200.94,2.56
4655.69,2200.94,2.55
4648.42,2200.94,2.55
4646.84,2200.94,2.55
4643.84,2200.94,2.55
4643.84,2200.94,2.55
4643.84,2200.94,2.55
4643.84,2220.06,2.55
4643.84,2245.75,2.55
4643.84,2250.72,2.54
4643.84,2296.23,2.54
4643.84,2303.36,2.54
4643.84,2306.90,2.54
4643.84,2307.06,2.54
4643.84,2309.38,2.54
4643.84,2310.50,2.54
4643.84,2314.14,2.54
4646.84,2321.00,2.54
4648.42,2324.70,2.54
4655.69,2332.72,2.54
4657.61,2400.65,2.54
4657.61,2402.29,2.54
4657.61,2402.29,2.54
4657.61,2402.29,2.54
4655.69,2402.29,2.54
4648.42,2402.29,2.54
4646.84,2402.29,2.54
4620.74,2402.29,2.54
4620.74,2402.29,2.54
4620.74,2402.29,2.54
4617.66,2402.29,2.54
4606.32,2402.29,2.54
4591.22,2402.29,2.54
4567.70,2402.29,2.54
4535.95,2402.29,2.54
4525.90,2402.29,2.54
4471.32,2402.29,2.55
4462.58,2400.65,2.55
4457.25,2362.08,2.55
4456.62,2324.70,2.56
4433.23,2321.00,2.57
4413.84,2321.00,2.57
4412.68,2321.00,2.57
4412.68,2321.00,2.57
4412.68,2321.00,2.57
4412.68,2321.00,2.58
4412.68,2321.00,2.58
4412.68,2321.00,2.58
4412.68,2321.00,2.58
4412.68,2324.70,2.58
4412.68,2362.08,2.58
4412.68,2400.65,2.58
4412.68,2426.64,2.58
4412.68,2436.85,2.58